Brand,Model,CPU,GPU,RAM_GB,Storage_GB,Touchscreen,Weight_kg,Screen_Size_inch,Price_SGD
Acer,Aspire 5,Intel i9-14900HK,NVIDIA RTX 4070,64,256,0,1.56,16.0,3207.6
Acer,Nitro 5,AMD Ryzen 9 8900HX,AMD Radeon 780M,32,1024,1,1.45,14.0,2568.4
Acer,Nitro 5,AMD Ryzen 5 8600H,NVIDIA RTX 4050,32,2048,0,1.34,14.0,2050.8
Acer,TravelMate P6,Intel Core Ultra 7 15500H,NVIDIA RTX 4060,16,4096,1,1.18,13.3,2477.59
Acer,Predator Helios 300,Intel i7-14800H,NVIDIA RTX 4070,8,1024,1,1.31,14.0,2626.4
Acer,Aspire 5,Intel i9-14900HK,NVIDIA RTX 4080,32,256,0,3.34,17.3,3351.6
Acer,TravelMate P6,Intel i9-14900HK,NVIDIA RTX 4080,128,1024,1,1.11,13.3,4366.4
Acer,Predator Helios 300,Intel Core Ultra 9 15700H,NVIDIA RTX 4070,16,2048,1,1.29,13.3,2572.8
Acer,Swift 3,Intel i5-14500H,NVIDIA RTX 4050,64,4096,0,1.4,13.3,2511.6
Acer,Nitro 5,Intel Core Ultra 9 15700H,NVIDIA RTX 4070,16,2048,0,1.15,13.3,2452.8
Acer,Nitro 5,Intel i5-14600H,Intel Iris Xe,32,256,1,1.06,14.0,1821.6
Acer,Swift 3,Intel i5-14500H,Intel Iris Xe,8,1024,1,2.47,15.6,1656.4
Acer,Swift 3,Intel Core Ultra 7 15500H,NVIDIA RTX 4060,8,2048,1,1.6,16.0,2158.8
Acer,Predator Helios 300,AMD Ryzen 5 8600H,NVIDIA RTX 4050,64,512,1,1.34,14.0,2273.2
Acer,Predator Helios 300,Intel i5-14500H,NVIDIA RTX 3050,128,1024,0,1.39,14.0,2466.4
Acer,Aspire 5,Intel i7-14800H,NVIDIA RTX 4060,16,2048,1,1.68,16.0,2522.8
Acer,Predator Helios 300,Intel i5-14600H,NVIDIA RTX 4050,16,2048,0,2.89,17.3,1952.8
Acer,Nitro 5,Intel i7-14700H,NVIDIA RTX 4070,8,2048,0,2.89,17.3,2638.8
Acer,Swift 3,Intel Core Ultra 9 15700H,Intel Arc A750M,64,2048,1,2.27,15.6,2106.8
Acer,Predator Helios 300,AMD Ryzen 5 8600H,NVIDIA RTX 4050,8,512,1,1.95,16.0,1855.2
Acer,Aspire 5,Intel i7-14700H,NVIDIA RTX 4060,64,1024,0,3.17,17.3,2684.4
Acer,TravelMate P6,Intel i7-14700H,NVIDIA RTX 4070,128,4096,1,1.72,16.0,3923.6
Acer,Swift 3,Intel Core Ultra 9 15700H,NVIDIA RTX 4070,32,2048,1,3.01,18.4,2650.8
Acer,Nitro 5,Intel i5-14600H,NVIDIA RTX 3050,64,1024,1,1.16,14.0,2154.4
Acer,Predator Helios 300,Intel i7-14700H,NVIDIA RTX 4070,16,4096,0,1.02,14.0,2957.6
Acer,Predator Helios 300,AMD Ryzen 5 8600H,NVIDIA RTX 3050,16,2048,1,2.58,17.3,1822.8
Acer,Predator Helios 300,Intel i9-14900HK,NVIDIA RTX 4080,16,512,0,1.53,15.6,3249.2
Acer,Nitro 5,Intel i5-14500H,NVIDIA RTX 3050,64,4096,0,1.94,15.6,2291.6
Acer,Swift 3,AMD Ryzen 5 8600H,NVIDIA RTX 4050,32,1024,0,1.59,15.6,1978.4
Acer,TravelMate P6,Intel Core Ultra 7 15500H,NVIDIA RTX 4070,32,4096,1,2.34,15.6,2855.6
Acer,Swift 3,AMD Ryzen 9 8900HX,AMD Radeon 780M,8,2048,0,1.22,14.0,2438.8
Acer,Predator Helios 300,AMD Ryzen 9 8900HX,NVIDIA RTX 4080,16,512,1,1.46,14.0,3339.2
Acer,Predator Helios 300,Intel i7-14700H,NVIDIA RTX 4070,32,2048,1,1.96,16.0,2950.8
Acer,Nitro 5,Intel Core Ultra 9 15700H,NVIDIA RTX 4080,32,2048,0,2.98,18.4,2930.79
Acer,TravelMate P6,Intel i7-14800H,NVIDIA RTX 4070,64,4096,0,2.23,16.0,3291.6
Acer,Aspire 5,Intel Core Ultra 9 15700H,NVIDIA RTX 4070,8,2048,1,1.48,13.3,2428.8
Acer,Predator Helios 300,Intel i7-14700H,NVIDIA RTX 4070,128,4096,1,2.53,18.4,3923.6
Acer,Predator Helios 300,Intel i7-14700H,NVIDIA RTX 4060,16,512,1,2.63,18.4,2369.2
Acer,Swift 3,Intel Core Ultra 7 15500H,Intel Arc A750M,128,256,1,2.44,15.6,2439.61
Acer,Nitro 5,Intel i9-14900HK,NVIDIA RTX 4070,32,1024,1,1.19,13.3,3198.4
Acer,Predator Helios 300,Intel i7-14700H,NVIDIA RTX 4070,8,4096,1,1.18,13.3,3013.6
Acer,Swift 3,Intel Core Ultra 7 15500H,Intel Arc A750M,8,1024,0,1.35,14.0,1406.4
Acer,Predator Helios 300,Intel Core Ultra 9 15700H,Intel Arc A750M,64,1024,0,2.92,17.3,1884.4
Acer,TravelMate P6,Intel i5-14600H,NVIDIA RTX 3050,8,512,1,3.37,17.3,1605.2
Acer,Aspire 5,AMD Ryzen 9 8900HX,NVIDIA RTX 4070,64,1024,1,2.15,15.6,3404.4
Acer,Swift 3,Intel Core Ultra 9 15700H,NVIDIA RTX 4070,64,4096,0,2.44,16.0,2991.6
Acer,Aspire 5,Intel i5-14600H,Intel Iris Xe,32,2048,1,1.76,15.6,1950.81
Acer,Nitro 5,Intel i9-14900HK,NVIDIA RTX 4080,32,512,0,2.79,18.4,3377.2
Acer,Swift 3,Intel i9-14900HK,NVIDIA RTX 4080,128,2048,0,1.37,13.3,4268.8
Acer,Predator Helios 300,AMD Ryzen 5 8600H,NVIDIA RTX 3050,64,256,1,1.21,13.3,2077.6
Acer,Aspire 5,Intel Core Ultra 7 15500H,Intel Arc A750M,32,256,1,2.62,18.4,1671.6
Acer,Predator Helios 300,Intel i5-14500H,Intel Iris Xe,32,512,0,2.4,16.0,1677.2
Acer,Nitro 5,Intel Core Ultra 9 15700H,NVIDIA RTX 4080,32,1024,1,1.18,14.0,2998.4
Acer,Predator Helios 300,Intel i5-14500H,Intel Iris Xe,16,256,1,2.27,15.6,1643.6
Acer,Nitro 5,AMD Ryzen 7 8800H,NVIDIA RTX 4070,64,2048,0,2.01,15.6,3086.8
Acer,TravelMate P6,Intel i5-14500H,Intel Iris Xe,64,512,0,1.47,14.0,1903.2
Acer,Predator Helios 300,Intel i9-14900HK,NVIDIA RTX 4070,128,512,1,1.42,14.0,3835.2
Acer,Swift 3,AMD Ryzen 9 8900HX,NVIDIA RTX 4080,64,2048,0,2.52,17.3,3786.8
Acer,Swift 3,Intel i5-14600H,NVIDIA RTX 4050,128,1024,0,1.25,13.3,2796.4
Acer,TravelMate P6,AMD Ryzen 7 8800H,NVIDIA RTX 4060,32,1024,1,1.11,13.3,2598.4
Acer,Predator Helios 300,AMD Ryzen 7 8800H,NVIDIA RTX 4060,32,4096,1,2.75,18.4,2855.6
Acer,Nitro 5,Intel i5-14500H,NVIDIA RTX 4050,8,1024,0,3.11,17.3,1786.4
Acer,Nitro 5,Intel i5-14600H,NVIDIA RTX 4050,128,1024,1,1.3,13.3,2836.4
Acer,Predator Helios 300,Intel i9-14900HK,NVIDIA RTX 4080,32,4096,0,2.8,18.4,3735.6
Acer,Predator Helios 300,Intel i7-14700H,NVIDIA RTX 4060,16,1024,1,1.1,14.0,2470.4
Acer,TravelMate P6,AMD Ryzen 7 8800H,NVIDIA RTX 4070,128,2048,0,3.06,18.4,3598.81
Acer,Predator Helios 300,Intel i9-14900HK,NVIDIA RTX 4070,128,2048,1,1.9,16.0,4018.8
Acer,TravelMate P6,Intel i7-14800H,NVIDIA RTX 4070,16,2048,0,1.79,15.6,2702.8
Acer,Predator Helios 300,Intel i9-14900HK,NVIDIA RTX 4080,64,512,0,1.46,14.0,3603.2
Acer,Predator Helios 300,Intel i9-14900HK,NVIDIA RTX 4080,32,256,1,2.43,15.6,3471.6
Acer,Swift 3,Intel Core Ultra 9 15700H,NVIDIA RTX 4070,8,1024,0,3.25,18.4,2236.4
Acer,Aspire 5,Intel Core Ultra 7 15500H,NVIDIA RTX 4070,128,4096,1,2.24,15.6,3623.6
Acer,TravelMate P6,Intel i7-14700H,NVIDIA RTX 4060,64,512,0,1.16,14.0,2683.2
Acer,Aspire 5,Intel i7-14800H,NVIDIA RTX 4080,128,2048,0,1.97,15.6,3998.8
Acer,Predator Helios 300,Intel i7-14800H,NVIDIA RTX 4070,8,256,0,1.12,13.3,2509.6
Acer,Nitro 5,Intel Core Ultra 7 15500H,Intel Arc A750M,128,4096,1,1.39,14.0,2793.6
Acer,Aspire 5,AMD Ryzen 5 8600H,NVIDIA RTX 3050,64,4096,1,1.17,14.0,2461.6
Acer,Swift 3,Intel i7-14800H,NVIDIA RTX 4060,8,1024,0,1.22,14.0,2286.4
Acer,Aspire 5,Intel i9-14900HK,NVIDIA RTX 4080,64,256,1,3.0,18.4,3727.6
Acer,Swift 3,Intel i7-14700H,NVIDIA RTX 4070,8,1024,1,1.31,13.3,2626.4
Acer,Nitro 5,Intel i5-14500H,Intel Iris Xe,8,1024,0,1.2,14.0,1586.4
Acer,Swift 3,Intel i5-14600H,Intel Iris Xe,64,256,1,2.75,17.3,2027.6
Acer,Swift 3,Intel i5-14500H,NVIDIA RTX 4050,64,4096,1,2.84,18.4,2661.6
Acer,Aspire 5,AMD Ryzen 5 8600H,NVIDIA RTX 3050,16,1024,1,3.15,18.4,1720.4
Acer,Predator Helios 300,Intel i9-14900HK,NVIDIA RTX 4080,64,2048,1,2.56,18.4,3906.8
Acer,Predator Helios 300,Intel i9-14900HK,NVIDIA RTX 4070,8,2048,1,3.13,18.4,3058.8
Acer,Nitro 5,Intel Core Ultra 9 15700H,Intel Arc A750M,16,2048,0,2.92,18.4,1602.8
Acer,Predator Helios 300,Intel i7-14700H,NVIDIA RTX 4060,16,2048,1,2.73,17.3,2522.8
Acer,TravelMate P6,Intel i5-14600H,NVIDIA RTX 3050,8,4096,1,3.4,17.3,1963.6
Acer,Predator Helios 300,Intel i5-14500H,NVIDIA RTX 4050,128,512,0,1.47,14.0,2665.2
Acer,Swift 3,Intel i7-14800H,NVIDIA RTX 4060,16,512,1,2.36,15.6,2369.2
Acer,Nitro 5,Intel i7-14800H,NVIDIA RTX 4080,8,1024,1,3.01,17.3,3056.4
Acer,TravelMate P6,AMD Ryzen 7 8800H,AMD Radeon 780M,64,512,0,1.19,13.3,2433.2
Acer,TravelMate P6,Intel i5-14600H,NVIDIA RTX 3050,128,512,1,3.07,18.4,2565.2
Acer,Predator Helios 300,AMD Ryzen 9 8900HX,AMD Radeon 780M,128,1024,1,3.15,17.3,3366.4
Acer,Swift 3,AMD Ryzen 9 8900HX,NVIDIA RTX 4080,16,2048,0,2.84,18.4,3402.8
Acer,Swift 3,AMD Ryzen 7 8800H,NVIDIA RTX 4060,64,1024,0,3.35,17.3,2684.4
Acer,Nitro 5,Intel Core Ultra 9 15700H,Intel Arc A750M,32,512,0,2.56,18.4,1577.2
Acer,Aspire 5,Intel Core Ultra 7 15500H,Intel Arc A750M,128,256,0,1.35,14.0,2289.6
Acer,TravelMate P6,AMD Ryzen 9 8900HX,NVIDIA RTX 4080,128,1024,0,2.28,15.6,4196.4
Acer,Aspire 5,Intel Core Ultra 9 15700H,NVIDIA RTX 4080,16,512,0,1.05,13.3,2699.2
Acer,Predator Helios 300,Intel i7-14800H,NVIDIA RTX 4060,16,512,1,1.41,14.0,2339.2
Acer,Predator Helios 300,Intel i5-14500H,NVIDIA RTX 3050,8,4096,1,1.67,16.0,1963.6
Acer,Aspire 5,Intel i9-14900HK,NVIDIA RTX 4070,64,2048,0,1.17,14.0,3436.8
Acer,Swift 3,Intel i5-14600H,Intel Iris Xe,32,256,1,2.39,16.0,1771.6
Acer,TravelMate P6,Intel Core Ultra 9 15700H,NVIDIA RTX 4080,8,1024,0,1.22,13.3,2686.4
Acer,Nitro 5,AMD Ryzen 9 8900HX,NVIDIA RTX 4080,128,256,0,1.45,14.0,4089.6
Acer,Swift 3,Intel i9-14900HK,NVIDIA RTX 4080,32,2048,0,2.01,15.6,3530.8
Acer,TravelMate P6,Intel Core Ultra 9 15700H,NVIDIA RTX 4070,16,1024,0,1.86,15.6,2300.4
Acer,Swift 3,Intel i7-14700H,NVIDIA RTX 4060,64,256,0,2.02,15.6,2607.6
Acer,TravelMate P6,AMD Ryzen 9 8900HX,NVIDIA RTX 4080,64,256,1,1.38,14.0,3697.6
Acer,Nitro 5,Intel Core Ultra 9 15700H,Intel Arc A750M,64,512,1,1.09,13.3,2003.2
Acer,Predator Helios 300,Intel i5-14500H,Intel Iris Xe,128,256,1,2.45,16.0,2539.6
Acer,Predator Helios 300,Intel i5-14500H,NVIDIA RTX 3050,8,256,1,3.48,18.4,1579.6
Acer,Predator Helios 300,Intel Core Ultra 7 15500H,NVIDIA RTX 4070,32,256,0,1.32,13.3,2321.6
Acer,Aspire 5,Intel Core Ultra 7 15500H,Intel Arc A750M,64,1024,0,1.45,13.3,1854.4
Acer,Nitro 5,Intel Core Ultra 9 15700H,NVIDIA RTX 4070,32,512,0,1.67,16.0,2377.2
Acer,Swift 3,AMD Ryzen 7 8800H,AMD Radeon 780M,128,512,1,2.89,17.3,3015.2
Acer,Aspire 5,AMD Ryzen 7 8800H,NVIDIA RTX 4060,64,512,0,2.33,15.6,2633.2
Acer,Swift 3,Intel Core Ultra 7 15500H,NVIDIA RTX 4070,32,512,1,1.82,15.6,2497.2
Acer,Aspire 5,Intel i7-14700H,NVIDIA RTX 4060,8,512,0,1.42,14.0,2155.2
Acer,Predator Helios 300,Intel i7-14800H,NVIDIA RTX 4080,64,4096,1,1.8,15.6,3811.6
Acer,Swift 3,Intel i5-14600H,NVIDIA RTX 4050,32,256,0,1.58,15.6,1901.6
Acer,Nitro 5,AMD Ryzen 9 8900HX,NVIDIA RTX 4080,64,256,0,1.93,16.0,3607.6
Acer,Aspire 5,Intel Core Ultra 9 15700H,NVIDIA RTX 4070,128,256,1,1.37,13.3,3209.6
Acer,Swift 3,Intel i7-14800H,NVIDIA RTX 4070,32,4096,1,1.66,15.6,3155.6
Acer,Swift 3,AMD Ryzen 7 8800H,NVIDIA RTX 4060,8,512,0,2.79,18.4,2185.2
Acer,Aspire 5,AMD Ryzen 5 8600H,NVIDIA RTX 4050,128,256,1,2.54,17.3,2789.6
Acer,Nitro 5,AMD Ryzen 9 8900HX,NVIDIA RTX 4070,64,512,1,3.0,17.3,3353.2
Acer,TravelMate P6,Intel i7-14700H,NVIDIA RTX 4060,32,512,1,2.32,15.6,2497.2
Acer,Aspire 5,Intel i7-14700H,NVIDIA RTX 4060,32,4096,0,1.55,16.0,2735.6
Acer,Nitro 5,Intel i7-14800H,NVIDIA RTX 4080,64,4096,0,2.23,15.6,3691.6
Acer,Predator Helios 300,Intel i7-14800H,NVIDIA RTX 4070,128,2048,1,1.49,13.3,3688.8
Acer,Aspire 5,Intel Core Ultra 7 15500H,NVIDIA RTX 4060,128,4096,0,3.01,17.3,3203.59
Acer,Aspire 5,AMD Ryzen 5 8600H,AMD Radeon 680M,32,512,1,3.27,17.3,1797.2
Acer,Predator Helios 300,Intel i5-14500H,Intel Iris Xe,64,256,1,1.92,15.6,2027.6
Acer,Aspire 5,AMD Ryzen 5 8600H,NVIDIA RTX 3050,128,256,0,1.26,14.0,2469.6
Acer,TravelMate P6,AMD Ryzen 5 8600H,NVIDIA RTX 3050,64,2048,0,3.01,18.4,2086.8
Acer,Predator Helios 300,Intel i7-14800H,NVIDIA RTX 4070,8,512,0,1.18,13.3,2535.2
Acer,Nitro 5,Intel i5-14500H,NVIDIA RTX 4050,32,2048,0,1.74,15.6,2080.8
Acer,Aspire 5,Intel i7-14800H,NVIDIA RTX 4060,64,2048,0,1.18,13.3,2836.8
Acer,Aspire 5,AMD Ryzen 7 8800H,NVIDIA RTX 4060,32,2048,0,1.35,14.0,2500.8
Acer,Aspire 5,AMD Ryzen 9 8900HX,AMD Radeon 780M,64,4096,1,1.89,15.6,3161.6
Acer,Aspire 5,Intel Core Ultra 7 15500H,Intel Arc A750M,8,256,0,2.29,16.0,1359.6
Acer,Aspire 5,Intel i5-14600H,NVIDIA RTX 3050,128,4096,1,1.1,13.3,2973.6
Acer,Predator Helios 300,Intel Core Ultra 7 15500H,NVIDIA RTX 4070,64,256,0,1.38,14.0,2577.6
Acer,Predator Helios 300,Intel Core Ultra 7 15500H,NVIDIA RTX 4060,64,512,0,1.3,13.3,2303.2
Acer,Predator Helios 300,Intel i9-14900HK,NVIDIA RTX 4070,32,1024,0,1.19,14.0,3078.4
Acer,Aspire 5,Intel i7-14700H,NVIDIA RTX 4060,8,256,0,1.4,14.0,2129.6
Acer,Predator Helios 300,AMD Ryzen 5 8600H,NVIDIA RTX 4050,32,4096,0,1.42,14.0,2255.6
Acer,TravelMate P6,AMD Ryzen 7 8800H,AMD Radeon 780M,128,1024,0,3.05,18.4,2946.4
Acer,Swift 3,Intel i7-14700H,NVIDIA RTX 4070,32,2048,1,2.3,15.6,2950.8
Acer,Nitro 5,Intel i5-14500H,Intel Iris Xe,64,4096,0,1.04,14.0,2341.6
Acer,Aspire 5,AMD Ryzen 7 8800H,NVIDIA RTX 4060,8,256,0,2.36,16.0,2159.6
Acer,Nitro 5,AMD Ryzen 5 8600H,AMD Radeon 680M,8,512,0,3.42,17.3,1485.2
Acer,Nitro 5,Intel i7-14800H,NVIDIA RTX 4060,8,4096,0,2.7,17.3,2543.6
Acer,Predator Helios 300,Intel i7-14800H,NVIDIA RTX 4060,32,1024,1,2.91,18.4,2548.4
Acer,Aspire 5,Intel i5-14600H,Intel Iris Xe,8,256,0,2.66,17.3,1459.6
Acer,Aspire 5,Intel i7-14800H,NVIDIA RTX 4080,128,1024,1,1.6,15.6,4016.4
Acer,Swift 3,Intel i5-14600H,NVIDIA RTX 3050,32,2048,0,1.34,14.0,1800.8
Acer,Aspire 5,Intel Core Ultra 7 15500H,NVIDIA RTX 4070,64,256,1,2.6,18.4,2727.6
Acer,TravelMate P6,Intel Core Ultra 7 15500H,NVIDIA RTX 4070,64,1024,0,2.19,16.0,2684.41
Acer,TravelMate P6,AMD Ryzen 9 8900HX,AMD Radeon 780M,128,1024,0,3.490010000000001,18.4,3246.4
Acer,Nitro 5,Intel i5-14500H,Intel Iris Xe,128,4096,1,2.24,16.0,2923.6
Acer,Swift 3,Intel Core Ultra 7 15500H,Intel Arc A750M,16,4096,1,1.23,13.3,1977.59
Acer,Aspire 5,Intel i9-14900HK,NVIDIA RTX 4070,128,2048,1,1.54,16.0,4018.8
Acer,Swift 3,Intel i7-14800H,NVIDIA RTX 4080,64,1024,0,2.81,17.3,3384.4
Acer,TravelMate P6,Intel i5-14600H,Intel Iris Xe,16,1024,0,2.29,15.6,1600.4
Acer,Swift 3,Intel i7-14700H,NVIDIA RTX 4060,32,2048,0,1.12,14.0,2580.8
Acer,Swift 3,AMD Ryzen 5 8600H,AMD Radeon 680M,128,2048,0,2.39,16.0,2598.8
Acer,Predator Helios 300,AMD Ryzen 5 8600H,NVIDIA RTX 3050,8,2048,0,1.47,13.3,1608.8
Acer,Aspire 5,AMD Ryzen 5 8600H,NVIDIA RTX 4050,16,1024,0,1.1,14.0,1900.4
Acer,Predator Helios 300,Intel i7-14700H,NVIDIA RTX 4070,128,2048,1,3.23,18.4,3718.8
Acer,Predator Helios 300,Intel i5-14600H,Intel Iris Xe,32,256,0,1.09,14.0,1701.6
Acer,Nitro 5,Intel i7-14700H,NVIDIA RTX 4070,128,256,0,1.16,14.0,3469.6
Acer,Aspire 5,Intel i9-14900HK,NVIDIA RTX 4080,128,512,1,1.37,14.0,4235.2
Asus,ZenBook 14,Intel Core Ultra 7 15500H,Intel Arc A750M,8,256,1,1.32,13.3,1449.6
Asus,ExpertBook B9,Intel i9-14900HK,NVIDIA RTX 4070,32,2048,0,2.04,16.0,3130.8
Asus,TUF Gaming F15,Intel i7-14700H,NVIDIA RTX 4070,64,256,0,2.45,15.6,2907.6
Asus,TUF Gaming F15,Intel i9-14900HK,NVIDIA RTX 4080,16,4096,0,2.96,18.4,3607.6
Asus,ZenBook 14,AMD Ryzen 7 8800H,AMD Radeon 780M,8,1024,0,1.29,14.0,2036.4
Asus,ExpertBook B9,Intel Core Ultra 9 15700H,NVIDIA RTX 4080,128,256,0,2.73,17.3,3519.6
Asus,TUF Gaming F15,Intel i5-14500H,NVIDIA RTX 4050,64,256,1,2.39,16.0,2277.6
Asus,ExpertBook B9,Intel i7-14700H,NVIDIA RTX 4070,64,512,1,3.23,18.4,3053.2
Asus,TUF Gaming F15,Intel i5-14600H,NVIDIA RTX 4050,8,256,1,2.77,17.3,1829.6
Asus,TUF Gaming F15,Intel i9-14900HK,NVIDIA RTX 4070,64,512,1,1.17,14.0,3403.2
Asus,ZenBook 14,Intel i9-14900HK,NVIDIA RTX 4070,64,4096,0,2.02,15.6,3591.6
Asus,TUF Gaming F15,AMD Ryzen 9 8900HX,NVIDIA RTX 4080,16,1024,1,1.19,13.3,3470.4
Asus,ZenBook 14,Intel i5-14500H,Intel Iris Xe,16,256,0,2.77,17.3,1523.6
Asus,ExpertBook B9,AMD Ryzen 5 8600H,AMD Radeon 680M,32,256,0,1.17,14.0,1701.61
Asus,ExpertBook B9,AMD Ryzen 7 8800H,NVIDIA RTX 4060,64,512,1,2.31,16.0,2753.2
Asus,VivoBook S15,Intel i7-14700H,NVIDIA RTX 4060,64,256,1,1.36,13.3,2697.6
Asus,VivoBook S15,Intel Core Ultra 7 15500H,NVIDIA RTX 4060,128,256,0,2.21,15.6,2819.6
Asus,VivoBook S15,Intel i5-14600H,Intel Iris Xe,128,2048,0,2.5,18.4,2598.8
Asus,ExpertBook B9,Intel i9-14900HK,NVIDIA RTX 4080,32,256,1,1.3,13.3,3441.6
Asus,TUF Gaming F15,Intel i5-14600H,NVIDIA RTX 4050,128,2048,1,1.04,14.0,3018.8
Asus,ExpertBook B9,Intel Core Ultra 7 15500H,Intel Arc A750M,128,4096,1,2.63,17.3,2823.6
Asus,VivoBook S15,Intel i9-14900HK,NVIDIA RTX 4080,16,4096,0,1.01,13.3,3657.6
Asus,ZenBook 14,Intel i5-14600H,NVIDIA RTX 4050,8,256,0,2.52,18.4,1709.6
Asus,ROG Zephyrus G15,Intel i5-14600H,NVIDIA RTX 4050,64,2048,0,2.75,18.4,2336.8
Asus,ROG Zephyrus G15,AMD Ryzen 5 8600H,AMD Radeon 680M,8,1024,1,1.43,13.3,1626.4
Asus,TUF Gaming F15,AMD Ryzen 9 8900HX,AMD Radeon 780M,16,4096,0,3.32,17.3,2657.6
Asus,ExpertBook B9,Intel i5-14600H,NVIDIA RTX 4050,64,512,0,1.47,14.0,2153.2
Asus,VivoBook S15,AMD Ryzen 5 8600H,NVIDIA RTX 4050,32,256,1,1.02,13.3,2071.6
Asus,ExpertBook B9,Intel Core Ultra 9 15700H,NVIDIA RTX 4080,128,512,0,2.01,16.0,3545.2
Asus,TUF Gaming F15,Intel Core Ultra 7 15500H,NVIDIA RTX 4070,128,2048,0,3.26,17.3,3298.8
Asus,ExpertBook B9,Intel i7-14800H,NVIDIA RTX 4070,16,4096,1,1.76,15.6,3027.6
Asus,ROG Zephyrus G15,AMD Ryzen 5 8600H,NVIDIA RTX 4050,16,4096,0,2.02,16.0,2157.6
Asus,ROG Zephyrus G15,Intel i7-14700H,NVIDIA RTX 4060,128,2048,0,2.63,17.3,3298.8
Asus,ROG Zephyrus G15,Intel i5-14500H,Intel Iris Xe,128,1024,1,2.48,16.0,2616.4
Asus,ROG Zephyrus G15,Intel i7-14700H,NVIDIA RTX 4070,32,512,0,1.55,16.0,2677.2
Asus,TUF Gaming F15,AMD Ryzen 7 8800H,NVIDIA RTX 4070,16,256,1,2.91,17.3,2643.61
Asus,VivoBook S15,Intel i5-14500H,NVIDIA RTX 4050,32,1024,1,2.58,17.3,2098.4
Asus,VivoBook S15,Intel i9-14900HK,NVIDIA RTX 4080,32,2048,0,3.08,17.3,3530.8
Asus,ROG Zephyrus G15,Intel i7-14800H,NVIDIA RTX 4060,128,4096,1,1.25,14.0,3673.6
Asus,ExpertBook B9,Intel i5-14600H,Intel Iris Xe,16,1024,0,2.23,15.6,1600.4
Asus,ExpertBook B9,Intel i7-14700H,NVIDIA RTX 4060,16,512,0,2.32,15.6,2249.2
Asus,TUF Gaming F15,AMD Ryzen 7 8800H,AMD Radeon 780M,8,1024,1,2.79,18.4,2106.4
Asus,ZenBook 14,Intel i5-14500H,NVIDIA RTX 4050,32,1024,0,1.09,13.3,2028.4
Asus,ROG Zephyrus G15,Intel Core Ultra 7 15500H,NVIDIA RTX 4060,8,4096,0,2.12,16.0,2243.6
Asus,ZenBook 14,Intel Core Ultra 9 15700H,NVIDIA RTX 4080,128,4096,1,1.51,15.6,4023.6
Asus,VivoBook S15,AMD Ryzen 5 8600H,NVIDIA RTX 4050,64,1024,0,1.11,14.0,2284.4
Asus,ExpertBook B9,Intel i7-14700H,NVIDIA RTX 4060,128,1024,0,2.26,15.6,3196.4
Asus,VivoBook S15,AMD Ryzen 9 8900HX,NVIDIA RTX 4070,32,1024,0,1.45,13.3,2998.4
Asus,ZenBook 14,AMD Ryzen 7 8800H,NVIDIA RTX 4060,32,512,0,1.21,14.0,2427.2
Asus,TUF Gaming F15,AMD Ryzen 9 8900HX,NVIDIA RTX 4070,64,2048,0,1.3,13.3,3356.79
Asus,ZenBook 14,Intel i5-14500H,NVIDIA RTX 4050,16,256,1,2.1,15.6,1893.6
Asus,ExpertBook B9,Intel Core Ultra 9 15700H,Intel Arc A750M,64,256,1,1.43,13.3,1897.59
Asus,ExpertBook B9,AMD Ryzen 9 8900HX,AMD Radeon 780M,32,4096,0,1.44,13.3,2755.6
Asus,ExpertBook B9,AMD Ryzen 9 8900HX,AMD Radeon 780M,128,256,0,2.51,18.4,3169.6
Asus,ZenBook 14,AMD Ryzen 7 8800H,AMD Radeon 780M,16,4096,0,3.05,18.4,2357.6
Asus,ExpertBook B9,Intel Core Ultra 9 15700H,NVIDIA RTX 4070,32,256,1,3.32,18.4,2471.6
Asus,VivoBook S15,Intel i5-14600H,NVIDIA RTX 3050,16,256,0,1.04,14.0,1573.6
Asus,VivoBook S15,Intel i5-14500H,Intel Iris Xe,16,256,0,1.63,16.0,1523.6
Asus,ZenBook 14,AMD Ryzen 7 8800H,NVIDIA RTX 4060,8,2048,1,1.25,13.3,2508.8
Asus,ZenBook 14,Intel Core Ultra 9 15700H,Intel Arc A750M,32,512,1,1.05,13.3,1747.2
Asus,ROG Zephyrus G15,Intel i7-14800H,NVIDIA RTX 4070,16,256,1,2.52,17.3,2643.6
Asus,ExpertBook B9,Intel i5-14600H,NVIDIA RTX 3050,8,2048,0,1.43,14.0,1608.8
Asus,ExpertBook B9,AMD Ryzen 9 8900HX,NVIDIA RTX 4070,32,512,0,3.05,18.4,2977.2
Asus,ROG Zephyrus G15,AMD Ryzen 9 8900HX,NVIDIA RTX 4070,16,4096,1,2.24,15.6,3327.6
Asus,TUF Gaming F15,Intel Core Ultra 9 15700H,NVIDIA RTX 4070,16,512,1,1.05,13.3,2419.2
Asus,VivoBook S15,AMD Ryzen 5 8600H,NVIDIA RTX 3050,16,4096,0,2.66,17.3,1907.6
Asus,ROG Zephyrus G15,Intel i9-14900HK,NVIDIA RTX 4080,32,1024,1,1.99,15.6,3548.4
Asus,ROG Zephyrus G15,Intel i9-14900HK,NVIDIA RTX 4070,128,256,1,1.24,13.3,3889.6
Asus,TUF Gaming F15,Intel i5-14600H,NVIDIA RTX 4050,128,1024,1,1.8,15.6,2866.4
Asus,TUF Gaming F15,Intel Core Ultra 9 15700H,NVIDIA RTX 4070,8,4096,0,2.62,17.3,2543.6
Asus,ZenBook 14,Intel Core Ultra 7 15500H,NVIDIA RTX 4070,64,1024,0,3.08,18.4,2684.4
Asus,ZenBook 14,AMD Ryzen 5 8600H,AMD Radeon 680M,8,256,1,2.58,18.4,1579.6
Asus,ZenBook 14,Intel i5-14500H,Intel Iris Xe,32,1024,1,1.17,14.0,1898.4
Asus,ExpertBook B9,Intel i7-14700H,NVIDIA RTX 4070,128,1024,0,1.77,16.0,3496.4
Asus,ExpertBook B9,Intel i9-14900HK,NVIDIA RTX 4070,128,256,1,1.0,14.0,3889.6
Asus,VivoBook S15,Intel i9-14900HK,NVIDIA RTX 4080,8,1024,0,1.82,16.0,3236.4
Asus,VivoBook S15,Intel i7-14800H,NVIDIA RTX 4070,128,512,1,2.96,17.3,3565.2
Asus,TUF Gaming F15,Intel i5-14500H,Intel Iris Xe,32,4096,1,3.23,17.3,2155.6
Asus,TUF Gaming F15,Intel i5-14600H,NVIDIA RTX 3050,16,512,1,2.22,15.6,1669.2
Asus,ExpertBook B9,Intel i5-14500H,NVIDIA RTX 4050,32,2048,0,1.9,16.0,2080.8
Asus,ExpertBook B9,AMD Ryzen 5 8600H,NVIDIA RTX 3050,64,256,1,3.18,17.3,2027.6
Asus,ZenBook 14,Intel i7-14800H,NVIDIA RTX 4080,64,2048,0,3.05,17.3,3486.8
Asus,TUF Gaming F15,Intel i7-14700H,NVIDIA RTX 4070,64,2048,0,2.78,17.3,3086.8
Asus,ROG Zephyrus G15,AMD Ryzen 9 8900HX,AMD Radeon 780M,32,256,1,2.4,15.6,2521.6
Asus,VivoBook S15,Intel i9-14900HK,NVIDIA RTX 4070,64,256,0,2.03,16.0,3207.6
Asus,ExpertBook B9,AMD Ryzen 9 8900HX,NVIDIA RTX 4070,128,2048,1,2.8,17.3,4018.8
Asus,TUF Gaming F15,AMD Ryzen 5 8600H,AMD Radeon 680M,64,512,0,3.24,17.3,1933.21
Asus,TUF Gaming F15,Intel i9-14900HK,NVIDIA RTX 4080,128,256,0,3.17,18.4,4119.6
Asus,ExpertBook B9,Intel i9-14900HK,NVIDIA RTX 4070,32,256,0,2.86,17.3,2951.59
Asus,VivoBook S15,Intel Core Ultra 9 15700H,NVIDIA RTX 4070,128,4096,0,2.62,17.3,3503.6
Asus,ZenBook 14,AMD Ryzen 9 8900HX,AMD Radeon 780M,16,512,1,1.18,13.3,2469.2
Asus,TUF Gaming F15,Intel i9-14900HK,NVIDIA RTX 4080,32,1024,0,1.02,13.3,3478.4
Asus,ROG Zephyrus G15,Intel i9-14900HK,NVIDIA RTX 4080,32,4096,0,1.17,14.0,3785.6
Asus,ZenBook 14,Intel Core Ultra 9 15700H,NVIDIA RTX 4080,64,4096,1,1.18,13.3,3561.6
Asus,TUF Gaming F15,Intel i5-14500H,NVIDIA RTX 4050,8,1024,0,1.37,14.0,1756.4
Asus,ROG Zephyrus G15,Intel i7-14800H,NVIDIA RTX 4060,128,2048,1,1.09,13.3,3468.8
Asus,ROG Zephyrus G15,Intel i7-14700H,NVIDIA RTX 4060,32,256,1,1.67,15.6,2471.6
Asus,ExpertBook B9,AMD Ryzen 7 8800H,NVIDIA RTX 4070,128,4096,1,2.23,15.6,3923.6
Asus,ZenBook 14,Intel i7-14700H,NVIDIA RTX 4060,16,256,0,3.12,18.4,2223.6
Asus,TUF Gaming F15,AMD Ryzen 5 8600H,AMD Radeon 680M,8,4096,1,2.11,16.0,1963.6
Asus,VivoBook S15,Intel i7-14800H,NVIDIA RTX 4070,64,256,1,1.51,16.0,3027.6
Asus,VivoBook S15,AMD Ryzen 5 8600H,NVIDIA RTX 4050,64,512,1,1.62,15.6,2303.2
Asus,ExpertBook B9,Intel i5-14600H,NVIDIA RTX 3050,128,256,1,1.24,13.3,2589.6
Asus,ExpertBook B9,Intel i7-14800H,NVIDIA RTX 4060,64,256,0,2.06,15.6,2607.6
Asus,ZenBook 14,Intel i7-14700H,NVIDIA RTX 4070,128,1024,1,2.62,18.4,3616.4
Asus,ExpertBook B9,AMD Ryzen 9 8900HX,NVIDIA RTX 4080,128,2048,0,1.86,15.6,4298.8
Asus,ROG Zephyrus G15,AMD Ryzen 5 8600H,NVIDIA RTX 4050,64,256,1,3.42,18.4,2277.6
Asus,ExpertBook B9,Intel i9-14900HK,NVIDIA RTX 4070,8,256,1,2.85,17.3,2879.6
Asus,ROG Zephyrus G15,Intel i5-14500H,Intel Iris Xe,64,256,1,1.42,14.0,1997.6
Asus,ExpertBook B9,AMD Ryzen 9 8900HX,NVIDIA RTX 4070,128,4096,0,1.92,16.0,4103.6
Asus,TUF Gaming F15,Intel Core Ultra 7 15500H,NVIDIA RTX 4070,8,256,0,1.35,13.3,2129.6
Asus,TUF Gaming F15,Intel i7-14800H,NVIDIA RTX 4080,16,4096,0,3.04,17.3,3307.6
Asus,ExpertBook B9,Intel i5-14600H,NVIDIA RTX 4050,8,256,0,3.19,18.4,1709.61
Asus,VivoBook S15,Intel Core Ultra 9 15700H,Intel Arc A750M,64,512,1,1.0,13.3,2003.2
Asus,VivoBook S15,Intel i7-14800H,NVIDIA RTX 4080,16,512,0,2.2,15.6,2949.2
Asus,ZenBook 14,Intel Core Ultra 9 15700H,Intel Arc A750M,128,2048,0,2.68,17.3,2498.8
Asus,TUF Gaming F15,AMD Ryzen 9 8900HX,NVIDIA RTX 4080,64,256,0,1.02,14.0,3657.6
Asus,ROG Zephyrus G15,Intel i7-14800H,NVIDIA RTX 4060,64,1024,1,1.68,15.6,2804.4
Asus,VivoBook S15,Intel i7-14800H,NVIDIA RTX 4070,16,1024,0,1.81,15.6,2600.4
Asus,VivoBook S15,Intel i5-14600H,NVIDIA RTX 3050,8,256,0,3.37,17.3,1459.6
Asus,ROG Zephyrus G15,Intel Core Ultra 9 15700H,Intel Arc A750M,8,4096,0,2.78,18.4,1743.6
Asus,ExpertBook B9,AMD Ryzen 5 8600H,NVIDIA RTX 3050,64,4096,0,1.16,13.3,2341.6
Asus,ROG Zephyrus G15,AMD Ryzen 5 8600H,AMD Radeon 680M,8,1024,0,3.14,17.3,1536.4
Asus,VivoBook S15,Intel i5-14500H,NVIDIA RTX 4050,64,512,0,2.68,18.4,2183.2
Asus,ZenBook 14,Intel i9-14900HK,NVIDIA RTX 4070,64,512,0,3.18,17.3,3233.2
Asus,ZenBook 14,AMD Ryzen 5 8600H,AMD Radeon 680M,64,512,1,2.58,17.3,2053.2
Asus,ROG Zephyrus G15,AMD Ryzen 5 8600H,AMD Radeon 680M,64,2048,1,1.49,13.3,2176.8
Asus,ZenBook 14,Intel i5-14500H,NVIDIA RTX 4050,64,1024,1,3.18,17.3,2354.4
Asus,ZenBook 14,AMD Ryzen 7 8800H,AMD Radeon 780M,32,512,0,2.99,18.4,2127.2
Asus,ZenBook 14,AMD Ryzen 9 8900HX,NVIDIA RTX 4070,128,1024,1,2.33,15.6,3916.4
Asus,ROG Zephyrus G15,Intel i5-14500H,Intel Iris Xe,8,256,1,1.05,14.0,1629.59
Asus,VivoBook S15,Intel Core Ultra 9 15700H,NVIDIA RTX 4080,64,4096,1,2.95,17.3,3511.6
Asus,ExpertBook B9,Intel Core Ultra 9 15700H,Intel Arc A750M,8,256,1,2.2,16.0,1479.6
Asus,TUF Gaming F15,AMD Ryzen 7 8800H,NVIDIA RTX 4060,64,1024,0,1.88,16.0,2684.4
Asus,ZenBook 14,Intel i5-14600H,NVIDIA RTX 3050,64,256,0,1.9,16.0,1907.6
Asus,ExpertBook B9,Intel i5-14600H,NVIDIA RTX 4050,64,1024,1,2.51,18.4,2354.4
Asus,ExpertBook B9,Intel i5-14500H,NVIDIA RTX 4050,8,1024,1,1.83,16.0,1906.4
Asus,ExpertBook B9,Intel i5-14600H,NVIDIA RTX 4050,64,2048,1,1.12,14.0,2506.8
Asus,TUF Gaming F15,AMD Ryzen 5 8600H,AMD Radeon 680M,128,512,1,1.03,14.0,2615.2
Asus,VivoBook S15,Intel i5-14500H,Intel Iris Xe,64,4096,1,1.28,14.0,2461.6
Asus,VivoBook S15,Intel i5-14500H,NVIDIA RTX 3050,16,512,0,1.35,14.0,1519.2
Asus,VivoBook S15,AMD Ryzen 9 8900HX,NVIDIA RTX 4070,128,1024,1,1.23,14.0,3966.4
Asus,TUF Gaming F15,Intel i7-14700H,NVIDIA RTX 4070,64,256,1,2.24,16.0,3027.6
Asus,TUF Gaming F15,Intel i5-14600H,NVIDIA RTX 3050,8,1024,1,1.29,13.3,1706.4
Asus,ExpertBook B9,AMD Ryzen 7 8800H,AMD Radeon 780M,128,4096,0,2.59,17.3,3253.6
Asus,ROG Zephyrus G15,Intel Core Ultra 9 15700H,NVIDIA RTX 4070,8,1024,1,1.37,14.0,2326.4
Asus,ZenBook 14,Intel i7-14800H,NVIDIA RTX 4060,32,512,1,3.46,17.3,2497.2
Asus,ROG Zephyrus G15,Intel i7-14800H,NVIDIA RTX 4070,64,2048,0,3.0,17.3,3086.8
Asus,TUF Gaming F15,AMD Ryzen 7 8800H,NVIDIA RTX 4070,128,2048,0,1.14,14.0,3648.8
Asus,VivoBook S15,AMD Ryzen 7 8800H,NVIDIA RTX 4060,128,512,0,2.31,16.0,3145.2
Asus,TUF Gaming F15,Intel Core Ultra 9 15700H,NVIDIA RTX 4080,128,2048,1,1.1,14.0,3868.8
Asus,TUF Gaming F15,Intel i7-14700H,NVIDIA RTX 4070,64,512,0,2.02,15.6,2933.2
Asus,TUF Gaming F15,Intel i7-14800H,NVIDIA RTX 4070,128,2048,1,1.19,14.0,3768.8
Asus,ExpertBook B9,Intel Core Ultra 7 15500H,Intel Arc A750M,128,1024,0,2.27,15.6,2396.4
Asus,ZenBook 14,Intel i5-14500H,Intel Iris Xe,16,4096,0,1.57,15.6,1907.6
Asus,ROG Zephyrus G15,AMD Ryzen 7 8800H,AMD Radeon 780M,8,256,0,1.63,15.6,1909.6
Asus,VivoBook S15,AMD Ryzen 5 8600H,NVIDIA RTX 4050,64,4096,0,1.28,14.0,2591.6
Asus,ROG Zephyrus G15,Intel i7-14700H,NVIDIA RTX 4060,8,512,0,2.44,16.0,2185.2
Asus,ZenBook 14,Intel Core Ultra 7 15500H,NVIDIA RTX 4070,64,512,1,2.39,16.0,2753.2
Asus,ExpertBook B9,Intel i5-14500H,Intel Iris Xe,16,256,1,1.45,14.0,1613.6
Asus,ExpertBook B9,AMD Ryzen 5 8600H,NVIDIA RTX 3050,8,256,1,2.88,17.3,1579.6
Asus,TUF Gaming F15,Intel i5-14500H,NVIDIA RTX 4050,64,256,0,2.03,16.0,2157.6
Asus,VivoBook S15,AMD Ryzen 7 8800H,NVIDIA RTX 4060,32,4096,1,2.65,18.4,2855.6
Asus,ROG Zephyrus G15,Intel i9-14900HK,NVIDIA RTX 4080,128,512,0,2.75,18.4,4145.2
Asus,ROG Zephyrus G15,Intel i7-14800H,NVIDIA RTX 4080,16,1024,1,1.36,14.0,3090.4
Asus,ROG Zephyrus G15,Intel i5-14600H,NVIDIA RTX 3050,128,256,0,1.79,15.6,2419.6
Asus,ROG Zephyrus G15,Intel i5-14600H,NVIDIA RTX 4050,16,512,0,3.48,18.4,1799.2
Asus,VivoBook S15,Intel Core Ultra 7 15500H,NVIDIA RTX 4060,128,1024,0,2.99,17.3,2896.4
Asus,ROG Zephyrus G15,Intel i5-14500H,NVIDIA RTX 3050,64,1024,0,2.63,18.4,1984.4
Asus,ZenBook 14,AMD Ryzen 5 8600H,NVIDIA RTX 4050,16,1024,0,1.17,13.3,1900.4
Asus,ExpertBook B9,AMD Ryzen 7 8800H,NVIDIA RTX 4070,16,4096,0,1.45,13.3,2877.6
Asus,ROG Zephyrus G15,Intel i9-14900HK,NVIDIA RTX 4070,128,4096,1,1.78,15.6,4223.6
Asus,ZenBook 14,Intel Core Ultra 7 15500H,Intel Arc A750M,8,1024,1,2.89,18.4,1556.4
Asus,ExpertBook B9,AMD Ryzen 7 8800H,NVIDIA RTX 4070,16,4096,0,2.63,18.4,2907.6
Asus,ZenBook 14,Intel i5-14500H,NVIDIA RTX 4050,128,4096,1,1.61,15.6,3173.6
Asus,VivoBook S15,Intel i5-14600H,NVIDIA RTX 4050,32,2048,0,1.4,13.3,2050.8
Asus,ROG Zephyrus G15,AMD Ryzen 9 8900HX,NVIDIA RTX 4070,32,4096,0,1.41,13.3,3305.6
Dell,Alienware M15,AMD Ryzen 9 8900HX,NVIDIA RTX 4070,8,512,1,1.96,16.0,2905.2
Dell,Alienware M15,AMD Ryzen 5 8600H,NVIDIA RTX 4050,32,4096,1,3.34,18.4,2405.6
Dell,XPS 15,Intel i5-14600H,Intel Iris Xe,64,1024,1,1.47,13.3,2074.4
Dell,XPS 13,Intel i9-14900HK,NVIDIA RTX 4070,64,256,0,2.46,16.0,3207.6
Dell,XPS 13,Intel i5-14500H,Intel Iris Xe,8,1024,1,2.03,16.0,1656.4
Dell,Latitude 7420,Intel i5-14500H,NVIDIA RTX 3050,16,1024,0,2.89,17.3,1600.4
Dell,XPS 13,Intel Core Ultra 9 15700H,NVIDIA RTX 4070,64,4096,1,1.43,14.0,3081.6
Dell,Alienware M15,Intel Core Ultra 7 15500H,Intel Arc A750M,32,4096,0,1.23,14.0,1985.6
Dell,Latitude 7420,Intel Core Ultra 9 15700H,Intel Arc A750M,32,512,1,2.91,18.4,1697.2
Dell,Alienware M15,Intel Core Ultra 9 15700H,NVIDIA RTX 4070,8,256,1,1.34,14.0,2249.6
Dell,XPS 13,Intel Core Ultra 7 15500H,Intel Arc A750M,128,256,0,2.46,16.0,2319.6
Dell,XPS 15,Intel i5-14600H,Intel Iris Xe,64,256,0,1.21,13.3,1957.6
Dell,Latitude 7420,Intel i7-14700H,NVIDIA RTX 4070,8,1024,0,2.39,15.6,2536.4
Dell,XPS 15,Intel i5-14600H,Intel Iris Xe,64,1024,0,2.79,17.3,1984.4
Dell,XPS 13,Intel Core Ultra 9 15700H,NVIDIA RTX 4070,64,512,1,2.14,15.6,2753.2
Dell,Latitude 7420,Intel Core Ultra 7 15500H,NVIDIA RTX 4060,64,4096,1,2.46,16.0,2811.6
Dell,XPS 15,Intel i7-14700H,NVIDIA RTX 4070,64,4096,1,1.23,13.3,3461.6
Dell,Latitude 7420,Intel i5-14600H,NVIDIA RTX 3050,128,2048,1,3.0,18.4,2718.8
Dell,Inspiron 15,AMD Ryzen 5 8600H,NVIDIA RTX 4050,128,2048,1,3.4,18.4,2968.8
Dell,XPS 15,AMD Ryzen 9 8900HX,NVIDIA RTX 4080,64,1024,1,3.06,17.3,3804.4
Dell,XPS 13,Intel i7-14800H,NVIDIA RTX 4070,64,4096,0,1.73,16.0,3291.6
Dell,Alienware M15,Intel i9-14900HK,NVIDIA RTX 4070,32,256,1,3.45,17.3,3071.6
Dell,Alienware M15,Intel i7-14700H,NVIDIA RTX 4070,32,2048,1,1.47,14.0,2920.8
Dell,Latitude 7420,Intel Core Ultra 7 15500H,Intel Arc A750M,8,512,1,1.03,14.0,1555.2
Dell,XPS 13,Intel Core Ultra 7 15500H,NVIDIA RTX 4070,32,1024,0,1.49,14.0,2398.4
Dell,XPS 13,AMD Ryzen 9 8900HX,NVIDIA RTX 4080,64,4096,1,1.09,14.0,4161.6
Dell,Alienware M15,Intel i7-14700H,NVIDIA RTX 4070,64,2048,1,1.59,16.0,3206.8
Dell,Inspiron 15,Intel i7-14700H,NVIDIA RTX 4060,8,1024,1,2.07,16.0,2356.4
Dell,Alienware M15,Intel Core Ultra 7 15500H,Intel Arc A750M,8,512,0,2.9,18.4,1385.2
Dell,Inspiron 15,Intel i7-14800H,NVIDIA RTX 4060,64,1024,1,2.68,18.4,2804.4
Dell,XPS 13,AMD Ryzen 9 8900HX,AMD Radeon 780M,32,256,1,3.32,17.3,2521.6
Dell,Alienware M15,Intel i5-14500H,NVIDIA RTX 4050,64,512,1,1.11,14.0,2353.2
Dell,Alienware M15,AMD Ryzen 7 8800H,NVIDIA RTX 4070,64,512,0,2.81,17.3,2933.2
Dell,Alienware M15,Intel i7-14800H,NVIDIA RTX 4070,128,256,1,3.09,17.3,3539.6
Dell,Alienware M15,Intel Core Ultra 9 15700H,NVIDIA RTX 4080,64,512,1,2.77,18.4,3153.2
Dell,Alienware M15,Intel Core Ultra 9 15700H,Intel Arc A750M,8,1024,0,2.0,16.0,1436.4
Dell,Inspiron 15,AMD Ryzen 9 8900HX,AMD Radeon 780M,32,4096,1,1.37,14.0,2875.6
Dell,XPS 15,Intel Core Ultra 7 15500H,NVIDIA RTX 4070,128,2048,1,2.49,16.0,3418.79
Dell,Latitude 7420,AMD Ryzen 5 8600H,AMD Radeon 680M,8,256,1,3.26,17.3,1579.6
Dell,Inspiron 15,AMD Ryzen 5 8600H,AMD Radeon 680M,16,256,1,1.91,16.0,1643.6
Dell,XPS 13,Intel Core Ultra 9 15700H,Intel Arc A750M,8,4096,1,3.07,17.3,1863.6
Dell,Alienware M15,Intel i7-14700H,NVIDIA RTX 4060,32,512,0,1.05,14.0,2427.2
Dell,Alienware M15,AMD Ryzen 9 8900HX,AMD Radeon 780M,128,4096,0,1.33,14.0,3523.6
Dell,Inspiron 15,AMD Ryzen 5 8600H,NVIDIA RTX 3050,16,512,1,1.45,13.3,1639.2
Dell,Latitude 7420,Intel Core Ultra 9 15700H,NVIDIA RTX 4080,128,256,1,1.2,14.0,3689.6
Dell,XPS 15,Intel i7-14700H,NVIDIA RTX 4060,32,2048,1,1.3,13.3,2620.8
Dell,Alienware M15,AMD Ryzen 5 8600H,AMD Radeon 680M,64,256,1,2.84,18.4,2027.6
Dell,Inspiron 15,Intel i7-14700H,NVIDIA RTX 4070,16,1024,1,2.05,15.6,2720.4
Dell,XPS 15,Intel i7-14700H,NVIDIA RTX 4070,64,4096,1,1.4,14.0,3381.6
Dell,XPS 13,Intel i7-14800H,NVIDIA RTX 4080,128,1024,1,1.34,13.3,3986.4
Dell,XPS 15,Intel i5-14500H,NVIDIA RTX 4050,16,256,0,1.08,13.3,1823.6
Dell,XPS 15,AMD Ryzen 7 8800H,NVIDIA RTX 4060,64,512,0,1.31,13.3,2603.2
Dell,Alienware M15,Intel i5-14600H,NVIDIA RTX 3050,128,256,1,2.16,16.0,2539.6
Dell,Inspiron 15,Intel i7-14800H,NVIDIA RTX 4070,128,512,0,1.01,14.0,3495.2
Dell,XPS 13,Intel i5-14500H,NVIDIA RTX 3050,8,1024,0,1.35,13.3,1506.4
Dell,Inspiron 15,Intel Core Ultra 9 15700H,Intel Arc A750M,8,256,1,1.18,13.3,1529.61
Dell,Inspiron 15,Intel Core Ultra 9 15700H,NVIDIA RTX 4080,128,4096,0,1.17,13.3,3953.6
Dell,XPS 15,Intel i5-14600H,NVIDIA RTX 3050,128,256,1,1.33,14.0,2509.6
Dell,Inspiron 15,Intel Core Ultra 7 15500H,NVIDIA RTX 4060,16,4096,1,1.31,13.3,2397.61
Dell,Latitude 7420,AMD Ryzen 9 8900HX,NVIDIA RTX 4080,64,256,0,3.49,17.3,3607.6
Dell,Alienware M15,AMD Ryzen 7 8800H,NVIDIA RTX 4060,16,4096,0,3.32,18.4,2607.6
Dell,Inspiron 15,Intel Core Ultra 9 15700H,NVIDIA RTX 4080,32,512,0,2.75,17.3,2777.2
Dell,Latitude 7420,AMD Ryzen 5 8600H,NVIDIA RTX 4050,16,512,1,1.03,13.3,1969.2
Dell,XPS 13,Intel i5-14500H,NVIDIA RTX 3050,32,2048,0,1.95,16.0,1830.8
Dell,XPS 15,AMD Ryzen 9 8900HX,NVIDIA RTX 4070,128,256,0,1.45,13.3,3689.6
Dell,Alienware M15,Intel i7-14800H,NVIDIA RTX 4070,64,2048,0,2.37,16.0,3086.8
Dell,Alienware M15,AMD Ryzen 5 8600H,NVIDIA RTX 3050,32,2048,1,1.28,13.3,2000.8
Dell,Inspiron 15,Intel Core Ultra 7 15500H,NVIDIA RTX 4070,128,4096,0,1.2,14.0,3553.6
Dell,Latitude 7420,AMD Ryzen 9 8900HX,NVIDIA RTX 4080,64,2048,0,3.29,17.3,3786.81
Dell,XPS 15,Intel i9-14900HK,NVIDIA RTX 4080,16,1024,0,1.39,13.3,3270.4
Dell,Latitude 7420,AMD Ryzen 9 8900HX,AMD Radeon 780M,128,1024,0,2.56,17.3,3246.4
Dell,Alienware M15,AMD Ryzen 5 8600H,AMD Radeon 680M,8,512,0,2.66,18.4,1485.2
Dell,XPS 15,Intel i7-14800H,NVIDIA RTX 4060,8,2048,0,1.01,14.0,2388.8
Dell,Inspiron 15,Intel i9-14900HK,NVIDIA RTX 4070,32,4096,1,1.49,14.0,3425.6
Dell,XPS 13,AMD Ryzen 7 8800H,NVIDIA RTX 4060,128,1024,1,1.48,13.3,3286.4
Dell,XPS 13,Intel i7-14800H,NVIDIA RTX 4080,128,2048,1,2.21,15.6,4118.8
Dell,Alienware M15,AMD Ryzen 5 8600H,AMD Radeon 680M,16,256,0,1.06,13.3,1573.6
Dell,Latitude 7420,Intel i9-14900HK,NVIDIA RTX 4080,128,256,0,2.91,17.3,4119.6
Dell,XPS 13,Intel i9-14900HK,NVIDIA RTX 4080,64,256,1,1.17,14.0,3777.6
Dell,Alienware M15,AMD Ryzen 9 8900HX,NVIDIA RTX 4070,8,512,0,1.07,13.3,2835.2
Dell,Inspiron 15,Intel i5-14500H,NVIDIA RTX 3050,64,512,0,2.31,16.0,1933.2
Dell,Inspiron 15,AMD Ryzen 9 8900HX,NVIDIA RTX 4080,16,4096,1,1.58,15.6,3727.6
Dell,Latitude 7420,Intel i9-14900HK,NVIDIA RTX 4080,64,1024,0,3.09,17.3,3684.4
Dell,XPS 13,Intel Core Ultra 9 15700H,NVIDIA RTX 4070,64,1024,0,3.47,18.4,2684.4
Dell,XPS 15,Intel i5-14500H,NVIDIA RTX 4050,128,256,0,1.14,13.3,2719.6
Dell,Latitude 7420,Intel i7-14700H,NVIDIA RTX 4070,64,2048,0,3.25,17.3,3086.8
Dell,XPS 15,Intel i7-14700H,NVIDIA RTX 4070,64,512,0,1.01,14.0,2983.21
Dell,Inspiron 15,Intel i7-14700H,NVIDIA RTX 4060,16,512,1,1.04,14.0,2419.2
Dell,XPS 15,Intel Core Ultra 9 15700H,NVIDIA RTX 4070,32,2048,1,3.11,18.4,2650.8
Dell,Latitude 7420,Intel Core Ultra 9 15700H,Intel Arc A750M,16,1024,0,1.29,14.0,1550.4
Dell,Alienware M15,Intel i5-14600H,NVIDIA RTX 3050,32,2048,0,1.63,15.6,1830.8
Dell,Inspiron 15,Intel Core Ultra 7 15500H,NVIDIA RTX 4070,32,256,1,2.5,17.3,2471.6
Dell,XPS 15,Intel i5-14500H,Intel Iris Xe,32,1024,1,1.97,16.0,1848.4
Dell,Alienware M15,Intel i5-14600H,NVIDIA RTX 3050,32,1024,0,1.37,13.3,1698.41
Dell,Latitude 7420,AMD Ryzen 9 8900HX,AMD Radeon 780M,8,512,0,2.29,16.0,2235.2
Dell,Inspiron 15,AMD Ryzen 5 8600H,NVIDIA RTX 3050,32,1024,1,2.04,15.6,1848.4
Dell,Alienware M15,Intel i9-14900HK,NVIDIA RTX 4080,64,512,0,3.0,18.4,3633.2
Dell,Inspiron 15,Intel i9-14900HK,NVIDIA RTX 4080,16,4096,1,1.43,13.3,3697.6
Dell,Latitude 7420,Intel i5-14600H,NVIDIA RTX 4050,64,1024,1,1.28,14.0,2404.4
Dell,Alienware M15,Intel i7-14700H,NVIDIA RTX 4070,128,512,0,3.23,18.4,3445.2
Dell,XPS 15,Intel i7-14700H,NVIDIA RTX 4070,8,4096,0,1.54,15.6,2843.6
Dell,XPS 15,Intel i9-14900HK,NVIDIA RTX 4080,8,4096,0,2.7,18.4,3543.6
Dell,XPS 15,Intel i7-14800H,NVIDIA RTX 4060,16,512,0,2.91,18.4,2249.2
Dell,XPS 15,AMD Ryzen 9 8900HX,NVIDIA RTX 4080,32,2048,0,1.87,16.0,3530.8
Dell,Alienware M15,Intel i5-14500H,NVIDIA RTX 3050,32,1024,0,2.45,16.0,1728.4
Dell,Inspiron 15,AMD Ryzen 5 8600H,NVIDIA RTX 4050,64,4096,1,1.23,13.3,2711.6
Dell,Alienware M15,AMD Ryzen 7 8800H,NVIDIA RTX 4070,128,2048,0,3.0,17.3,3598.8
Dell,Inspiron 15,Intel i7-14700H,NVIDIA RTX 4070,32,4096,1,1.05,13.3,3205.6
Dell,XPS 15,AMD Ryzen 5 8600H,NVIDIA RTX 4050,8,4096,0,2.95,17.3,2093.6
Dell,XPS 15,Intel i5-14600H,Intel Iris Xe,32,512,1,1.09,13.3,1847.2
Dell,XPS 13,Intel i7-14700H,NVIDIA RTX 4060,128,2048,1,2.65,18.4,3418.8
Dell,XPS 13,Intel i5-14600H,NVIDIA RTX 4050,128,256,0,2.66,17.3,2669.6
Dell,Latitude 7420,Intel Core Ultra 9 15700H,NVIDIA RTX 4070,32,2048,0,1.15,13.3,2580.8
Dell,Latitude 7420,Intel i7-14800H,NVIDIA RTX 4080,8,1024,1,1.98,15.6,3056.4
Dell,Latitude 7420,Intel i7-14700H,NVIDIA RTX 4060,64,256,1,2.37,15.6,2727.6
Dell,XPS 13,AMD Ryzen 7 8800H,NVIDIA RTX 4060,16,256,0,1.48,13.3,2193.6
Dell,Latitude 7420,Intel Core Ultra 7 15500H,Intel Arc A750M,128,4096,1,1.16,14.0,2873.6
Dell,Latitude 7420,Intel Core Ultra 7 15500H,Intel Arc A750M,8,512,1,2.37,15.6,1505.2
Dell,XPS 15,Intel i7-14700H,NVIDIA RTX 4060,16,512,1,3.25,18.4,2369.19
Dell,Latitude 7420,Intel i5-14500H,NVIDIA RTX 3050,8,256,0,3.13,18.4,1459.6
Dell,Inspiron 15,AMD Ryzen 5 8600H,NVIDIA RTX 3050,32,2048,1,2.78,17.3,1950.8
Dell,XPS 15,Intel Core Ultra 9 15700H,NVIDIA RTX 4070,64,512,0,1.71,16.0,2633.2
Dell,Alienware M15,Intel i7-14800H,NVIDIA RTX 4070,128,256,1,2.26,15.6,3539.6
Dell,Alienware M15,Intel i5-14600H,NVIDIA RTX 4050,8,256,0,1.23,13.3,1759.6
Dell,Latitude 7420,Intel Core Ultra 7 15500H,NVIDIA RTX 4070,16,256,0,1.45,13.3,2193.6
Dell,XPS 15,AMD Ryzen 7 8800H,NVIDIA RTX 4070,32,2048,1,1.09,13.3,3000.79
Dell,XPS 13,Intel i5-14600H,Intel Iris Xe,32,512,0,1.15,14.0,1727.2
Dell,Alienware M15,Intel Core Ultra 7 15500H,NVIDIA RTX 4060,8,4096,1,2.72,17.3,2363.6
Dell,XPS 15,AMD Ryzen 7 8800H,AMD Radeon 780M,64,4096,0,2.87,18.4,2741.6
Dell,XPS 15,Intel i5-14600H,NVIDIA RTX 3050,128,4096,1,2.68,17.3,2923.6
Dell,Alienware M15,Intel Core Ultra 9 15700H,Intel Arc A750M,32,2048,1,2.89,17.3,1850.8
Dell,XPS 13,Intel i5-14500H,NVIDIA RTX 4050,128,256,0,2.75,18.4,2669.6
Dell,Alienware M15,Intel i5-14600H,NVIDIA RTX 4050,128,512,0,1.01,13.3,2745.2
Dell,Alienware M15,Intel Core Ultra 9 15700H,NVIDIA RTX 4080,8,256,1,2.97,18.4,2679.6
Dell,Latitude 7420,AMD Ryzen 7 8800H,NVIDIA RTX 4070,16,4096,1,1.4,14.0,2997.6
Dell,Inspiron 15,AMD Ryzen 9 8900HX,NVIDIA RTX 4080,64,1024,1,1.48,13.3,3774.4
Dell,Latitude 7420,Intel i5-14500H,NVIDIA RTX 4050,8,1024,1,2.53,17.3,1906.4
Dell,XPS 15,Intel i5-14600H,NVIDIA RTX 3050,16,2048,1,1.15,14.0,1872.8
Dell,Latitude 7420,Intel Core Ultra 7 15500H,NVIDIA RTX 4060,8,2048,1,2.49,16.0,2158.8
Dell,Latitude 7420,AMD Ryzen 7 8800H,NVIDIA RTX 4070,128,1024,1,1.33,13.3,3586.4
Dell,XPS 13,Intel i5-14600H,NVIDIA RTX 3050,128,512,0,3.44,18.4,2445.2
Dell,XPS 13,AMD Ryzen 9 8900HX,AMD Radeon 780M,64,256,0,1.01,13.3,2707.6
Dell,Inspiron 15,Intel i5-14500H,Intel Iris Xe,128,4096,1,1.22,14.0,2973.6
Dell,XPS 13,Intel i5-14500H,NVIDIA RTX 4050,8,512,1,2.64,18.4,1855.2
Dell,XPS 15,Intel Core Ultra 9 15700H,Intel Arc A750M,16,256,0,3.07,17.3,1423.6
Dell,XPS 15,Intel Core Ultra 7 15500H,NVIDIA RTX 4060,8,1024,1,1.32,14.0,2026.4
Dell,XPS 13,AMD Ryzen 5 8600H,NVIDIA RTX 3050,16,2048,0,3.3,18.4,1702.8
Dell,Alienware M15,Intel i7-14800H,NVIDIA RTX 4070,8,2048,1,1.16,14.0,2808.8
Dell,XPS 15,Intel Core Ultra 7 15500H,Intel Arc A750M,16,512,1,2.57,17.3,1569.2
Dell,Alienware M15,Intel Core Ultra 7 15500H,NVIDIA RTX 4060,8,4096,1,2.59,18.4,2363.61
Dell,Inspiron 15,AMD Ryzen 5 8600H,AMD Radeon 680M,128,1024,1,2.06,15.6,2616.4
Dell,Latitude 7420,Intel i7-14800H,NVIDIA RTX 4080,32,4096,1,2.16,15.6,3555.6
Dell,Latitude 7420,AMD Ryzen 7 8800H,NVIDIA RTX 4060,64,1024,1,2.22,16.0,2804.4
Dell,Alienware M15,Intel i5-14600H,NVIDIA RTX 3050,8,256,0,1.2,13.3,1509.6
Dell,XPS 15,AMD Ryzen 9 8900HX,NVIDIA RTX 4070,32,256,0,1.37,13.3,2921.6
Dell,Latitude 7420,AMD Ryzen 5 8600H,AMD Radeon 680M,16,256,0,3.08,18.4,1523.6
Dell,XPS 15,Intel i9-14900HK,NVIDIA RTX 4070,16,1024,0,1.44,13.3,2870.4
Dell,XPS 15,Intel i7-14800H,NVIDIA RTX 4070,64,256,0,1.05,14.0,2957.6
Dell,Inspiron 15,Intel i7-14700H,NVIDIA RTX 4060,128,512,1,1.2,14.0,3315.2
Dell,Inspiron 15,Intel i5-14500H,NVIDIA RTX 3050,8,256,1,1.25,13.3,1629.6
Dell,XPS 13,Intel Core Ultra 7 15500H,NVIDIA RTX 4060,32,1024,1,2.62,18.4,2248.4
Dell,XPS 13,Intel i5-14500H,Intel Iris Xe,64,1024,0,1.35,13.3,1954.4
Dell,XPS 15,Intel i7-14800H,NVIDIA RTX 4080,32,512,1,1.27,13.3,3247.2
HP,Spectre x360,Intel i7-14800H,NVIDIA RTX 4060,16,4096,1,1.6,16.0,2727.6
HP,EliteBook 840,Intel i7-14700H,NVIDIA RTX 4070,16,4096,1,1.02,13.3,3077.6
HP,Omen 15,AMD Ryzen 5 8600H,NVIDIA RTX 3050,128,256,1,2.67,17.3,2539.6
HP,Envy 13,Intel i7-14700H,NVIDIA RTX 4070,8,512,0,3.43,18.4,2485.2
HP,EliteBook 840,AMD Ryzen 9 8900HX,NVIDIA RTX 4070,128,1024,1,2.04,15.6,3916.4
HP,Pavilion 15,Intel i7-14700H,NVIDIA RTX 4060,16,4096,1,1.97,15.6,2727.6
HP,Pavilion 15,Intel i7-14800H,NVIDIA RTX 4060,128,4096,1,2.84,18.4,3623.6
HP,EliteBook 840,Intel Core Ultra 9 15700H,NVIDIA RTX 4080,8,1024,1,2.92,17.3,2756.4
HP,Pavilion 15,Intel i5-14600H,NVIDIA RTX 4050,64,256,0,2.61,17.3,2157.6
HP,Envy 13,Intel Core Ultra 7 15500H,Intel Arc A750M,64,2048,0,1.97,16.0,1986.8
HP,EliteBook 840,Intel i7-14700H,NVIDIA RTX 4070,16,1024,1,2.13,15.6,2720.4
HP,Pavilion 15,AMD Ryzen 7 8800H,AMD Radeon 780M,32,2048,0,1.0,13.3,2330.8
HP,Omen 15,Intel Core Ultra 7 15500H,Intel Arc A750M,8,4096,0,1.16,14.0,1793.6
HP,Spectre x360,Intel Core Ultra 7 15500H,NVIDIA RTX 4060,128,4096,0,2.48,16.0,3203.6
HP,Envy 13,Intel i5-14500H,NVIDIA RTX 3050,8,2048,1,1.42,14.0,1728.8
HP,Omen 15,Intel Core Ultra 9 15700H,Intel Arc A750M,16,256,1,2.02,16.0,1543.6
HP,Pavilion 15,Intel i7-14800H,NVIDIA RTX 4060,32,4096,0,2.53,17.3,2735.6
HP,Envy 13,Intel Core Ultra 9 15700H,NVIDIA RTX 4070,8,256,1,3.04,17.3,2279.6
HP,Spectre x360,Intel i5-14500H,NVIDIA RTX 3050,64,512,1,1.7,16.0,2053.2
HP,Pavilion 15,Intel i5-14600H,NVIDIA RTX 4050,32,1024,1,2.34,16.0,2098.41
HP,Pavilion 15,Intel Core Ultra 9 15700H,NVIDIA RTX 4070,128,2048,1,1.41,14.0,3388.8
HP,Pavilion 15,AMD Ryzen 7 8800H,NVIDIA RTX 4070,64,2048,0,1.18,14.0,3136.8
HP,Spectre x360,Intel i7-14700H,NVIDIA RTX 4070,16,512,0,1.44,13.3,2519.2
HP,Envy 13,Intel i7-14800H,NVIDIA RTX 4060,8,512,0,1.78,15.6,2185.2
HP,EliteBook 840,AMD Ryzen 5 8600H,NVIDIA RTX 3050,128,4096,1,1.9,15.6,2923.6
HP,Pavilion 15,Intel i9-14900HK,NVIDIA RTX 4080,8,512,0,2.45,15.6,3185.2
HP,Omen 15,Intel Core Ultra 7 15500H,Intel Arc A750M,16,2048,1,1.08,14.0,1772.8
HP,Pavilion 15,Intel i7-14800H,NVIDIA RTX 4080,32,1024,1,2.53,17.3,3248.4
HP,Omen 15,Intel i7-14700H,NVIDIA RTX 4070,128,2048,0,2.69,17.3,3598.8
HP,Envy 13,Intel Core Ultra 9 15700H,NVIDIA RTX 4080,64,512,1,2.08,16.0,3153.2
HP,Spectre x360,AMD Ryzen 5 8600H,NVIDIA RTX 4050,128,4096,0,3.15,17.3,3053.6
HP,EliteBook 840,Intel i7-14800H,NVIDIA RTX 4070,128,512,1,1.35,13.3,3535.2
HP,Pavilion 15,Intel i5-14500H,NVIDIA RTX 4050,8,2048,0,2.5,17.3,1888.8
HP,EliteBook 840,AMD Ryzen 9 8900HX,NVIDIA RTX 4080,128,512,0,3.07,17.3,4145.2
HP,EliteBook 840,Intel i5-14600H,Intel Iris Xe,32,4096,1,1.58,15.6,2155.6
HP,Pavilion 15,Intel i5-14600H,Intel Iris Xe,64,2048,0,2.3,16.0,2086.8
HP,Envy 13,Intel i5-14600H,Intel Iris Xe,8,4096,1,3.27,18.4,1963.6
HP,Spectre x360,Intel Core Ultra 7 15500H,NVIDIA RTX 4070,64,2048,0,3.06,17.3,2786.8
HP,Pavilion 15,Intel i7-14700H,NVIDIA RTX 4060,32,512,1,3.39,17.3,2497.2
HP,Omen 15,Intel Core Ultra 7 15500H,Intel Arc A750M,64,1024,0,2.19,15.6,1884.4
HP,Pavilion 15,AMD Ryzen 5 8600H,NVIDIA RTX 4050,32,256,0,1.17,13.3,1951.6
HP,Envy 13,Intel i9-14900HK,NVIDIA RTX 4070,64,256,1,2.97,17.3,3327.6
HP,Spectre x360,AMD Ryzen 9 8900HX,NVIDIA RTX 4070,8,256,1,1.51,15.6,2879.6
HP,Envy 13,Intel Core Ultra 7 15500H,NVIDIA RTX 4070,16,2048,0,1.39,14.0,2372.81
HP,Spectre x360,Intel Core Ultra 9 15700H,NVIDIA RTX 4070,128,1024,0,1.15,13.3,3246.4
HP,Spectre x360,Intel i5-14500H,Intel Iris Xe,16,4096,0,2.5,15.6,1907.6
HP,Omen 15,Intel i7-14700H,NVIDIA RTX 4070,64,256,0,1.16,13.3,2957.6
HP,Omen 15,Intel i7-14800H,NVIDIA RTX 4070,64,256,0,2.13,16.0,2907.6
HP,Pavilion 15,AMD Ryzen 5 8600H,NVIDIA RTX 3050,128,512,0,1.12,14.0,2495.2
HP,Pavilion 15,Intel Core Ultra 9 15700H,Intel Arc A750M,128,2048,0,3.11,17.3,2498.8
HP,EliteBook 840,Intel Core Ultra 9 15700H,NVIDIA RTX 4070,128,4096,1,2.12,16.0,3623.6
HP,Pavilion 15,Intel i7-14800H,NVIDIA RTX 4070,32,256,1,3.18,17.3,2771.6
HP,Pavilion 15,Intel Core Ultra 9 15700H,NVIDIA RTX 4070,8,1024,1,2.27,15.6,2356.4
HP,Omen 15,Intel i7-14800H,NVIDIA RTX 4080,128,256,1,1.22,14.0,3989.6
HP,Omen 15,Intel i5-14500H,Intel Iris Xe,8,2048,1,2.29,15.6,1758.8
HP,Omen 15,AMD Ryzen 9 8900HX,NVIDIA RTX 4080,8,256,0,3.36,18.4,3159.6
HP,Spectre x360,Intel i7-14700H,NVIDIA RTX 4070,16,256,1,1.64,15.6,2643.6
HP,Spectre x360,Intel i5-14600H,Intel Iris Xe,8,256,0,1.05,14.0,1509.6
HP,Envy 13,AMD Ryzen 5 8600H,NVIDIA RTX 4050,32,512,0,2.16,15.6,1927.2
HP,Envy 13,Intel i9-14900HK,NVIDIA RTX 4070,8,4096,0,3.47,18.4,3143.6
HP,Omen 15,Intel Core Ultra 7 15500H,NVIDIA RTX 4060,128,256,1,2.74,17.3,2939.6
HP,Pavilion 15,AMD Ryzen 5 8600H,NVIDIA RTX 3050,32,2048,0,2.22,16.0,1830.8
HP,Pavilion 15,Intel i7-14800H,NVIDIA RTX 4060,128,4096,0,3.08,17.3,3503.6
HP,EliteBook 840,Intel i9-14900HK,NVIDIA RTX 4070,128,2048,0,2.55,17.3,3898.8
HP,Envy 13,AMD Ryzen 7 8800H,NVIDIA RTX 4060,128,1024,0,3.05,17.3,3196.4
HP,Omen 15,Intel Core Ultra 7 15500H,NVIDIA RTX 4070,32,4096,0,1.17,13.3,2785.6
HP,Spectre x360,AMD Ryzen 9 8900HX,NVIDIA RTX 4070,64,1024,1,3.14,18.4,3404.4
HP,Omen 15,Intel i5-14500H,Intel Iris Xe,8,4096,1,1.26,13.3,2013.61
HP,Omen 15,Intel i5-14500H,NVIDIA RTX 4050,128,256,1,1.57,15.6,2789.6
HP,Envy 13,Intel i7-14700H,NVIDIA RTX 4060,32,2048,1,1.65,16.0,2650.8
HP,Pavilion 15,Intel i7-14700H,NVIDIA RTX 4070,8,256,1,2.99,17.3,2579.6
HP,Envy 13,Intel Core Ultra 7 15500H,NVIDIA RTX 4060,128,512,1,1.49,14.0,2935.2
HP,Envy 13,Intel i7-14700H,NVIDIA RTX 4070,16,4096,1,3.03,18.4,3027.6
HP,Envy 13,Intel i7-14800H,NVIDIA RTX 4070,16,256,1,1.87,15.6,2643.59
HP,Pavilion 15,AMD Ryzen 7 8800H,AMD Radeon 780M,8,4096,0,3.07,18.4,2293.6
HP,Spectre x360,Intel i9-14900HK,NVIDIA RTX 4070,128,2048,0,2.7,18.4,3898.8
HP,Envy 13,AMD Ryzen 7 8800H,NVIDIA RTX 4060,16,4096,1,3.36,18.4,2727.6
HP,Omen 15,Intel Core Ultra 9 15700H,NVIDIA RTX 4080,64,512,1,3.31,18.4,3153.2
HP,EliteBook 840,Intel i7-14800H,NVIDIA RTX 4080,64,4096,1,3.32,17.3,3811.6
HP,Spectre x360,AMD Ryzen 7 8800H,AMD Radeon 780M,8,2048,0,2.36,15.6,2088.8
HP,Envy 13,Intel i5-14500H,NVIDIA RTX 3050,128,2048,1,1.87,15.6,2718.8
HP,Spectre x360,Intel i7-14700H,NVIDIA RTX 4060,64,1024,1,2.89,17.3,2804.39
HP,Omen 15,AMD Ryzen 9 8900HX,AMD Radeon 780M,8,1024,0,2.14,16.0,2286.4
HP,Pavilion 15,AMD Ryzen 9 8900HX,AMD Radeon 780M,32,512,1,1.64,16.0,2547.2
HP,Spectre x360,Intel i5-14600H,NVIDIA RTX 4050,8,256,0,1.32,14.0,1679.6
HP,EliteBook 840,Intel i5-14600H,Intel Iris Xe,64,2048,0,3.45,18.4,2086.79
HP,Omen 15,AMD Ryzen 5 8600H,AMD Radeon 680M,8,256,1,1.93,16.0,1579.6
HP,Spectre x360,Intel i7-14700H,NVIDIA RTX 4060,8,1024,0,1.26,14.0,2286.4
HP,Omen 15,Intel i9-14900HK,NVIDIA RTX 4070,128,2048,0,1.01,13.3,3948.8
HP,Omen 15,Intel i5-14500H,NVIDIA RTX 3050,128,1024,1,2.57,17.3,2616.4
HP,EliteBook 840,Intel i5-14600H,Intel Iris Xe,128,512,1,1.84,16.0,2565.2
HP,EliteBook 840,Intel i5-14500H,NVIDIA RTX 4050,8,2048,1,1.54,15.6,2008.8
HP,Pavilion 15,Intel i9-14900HK,NVIDIA RTX 4070,16,4096,0,3.09,18.4,3207.6
HP,Spectre x360,AMD Ryzen 7 8800H,NVIDIA RTX 4060,128,2048,1,2.87,17.3,3418.8
HP,Envy 13,Intel i5-14600H,Intel Iris Xe,64,256,1,1.08,13.3,2077.6
HP,EliteBook 840,Intel i5-14500H,Intel Iris Xe,128,4096,0,1.38,14.0,2773.61
HP,Omen 15,Intel i9-14900HK,NVIDIA RTX 4080,128,256,0,1.78,16.0,4119.6
HP,Pavilion 15,Intel i7-14700H,NVIDIA RTX 4060,64,512,0,3.09,17.3,2633.2
HP,Pavilion 15,Intel i9-14900HK,NVIDIA RTX 4070,128,1024,0,1.43,13.3,3766.4
HP,Omen 15,Intel Core Ultra 7 15500H,Intel Arc A750M,32,512,1,2.57,18.4,1697.2
HP,Envy 13,Intel i9-14900HK,NVIDIA RTX 4080,32,512,1,2.34,15.6,3497.2
HP,Omen 15,AMD Ryzen 5 8600H,AMD Radeon 680M,16,4096,1,1.31,13.3,1997.6
HP,Pavilion 15,Intel i5-14500H,Intel Iris Xe,32,4096,1,2.64,17.3,2155.6
HP,Pavilion 15,AMD Ryzen 9 8900HX,NVIDIA RTX 4070,32,512,1,1.22,13.3,3147.2
HP,EliteBook 840,Intel i5-14600H,NVIDIA RTX 4050,64,4096,0,1.44,13.3,2511.6
HP,Envy 13,Intel Core Ultra 7 15500H,Intel Arc A750M,64,256,0,2.99,17.3,1807.6
HP,Pavilion 15,Intel i5-14600H,NVIDIA RTX 3050,128,4096,0,2.51,17.3,2803.6
HP,Spectre x360,Intel i7-14800H,NVIDIA RTX 4080,16,256,0,3.08,17.3,2923.6
HP,Spectre x360,Intel i5-14500H,NVIDIA RTX 3050,64,2048,0,3.35,18.4,2086.8
HP,Pavilion 15,Intel Core Ultra 9 15700H,NVIDIA RTX 4070,8,4096,1,1.25,13.3,2713.6
HP,Pavilion 15,AMD Ryzen 7 8800H,NVIDIA RTX 4060,64,1024,1,3.0,18.4,2804.4
HP,Omen 15,Intel Core Ultra 9 15700H,Intel Arc A750M,16,512,1,2.83,18.4,1569.2
HP,Spectre x360,Intel i7-14800H,NVIDIA RTX 4070,32,4096,0,2.81,17.3,3035.6
HP,Envy 13,Intel i7-14800H,NVIDIA RTX 4080,128,256,1,3.18,17.3,3939.6
HP,Pavilion 15,Intel i9-14900HK,NVIDIA RTX 4070,128,1024,0,1.07,13.3,3846.4
HP,Pavilion 15,Intel Core Ultra 9 15700H,NVIDIA RTX 4080,128,256,0,1.12,14.0,3569.6
HP,Envy 13,AMD Ryzen 9 8900HX,NVIDIA RTX 4070,128,1024,0,1.01,14.0,3846.41
HP,Envy 13,Intel Core Ultra 9 15700H,NVIDIA RTX 4080,32,4096,0,1.26,13.3,3185.6
HP,Omen 15,AMD Ryzen 7 8800H,NVIDIA RTX 4060,128,512,0,2.84,17.3,3145.2
HP,Spectre x360,Intel i5-14600H,NVIDIA RTX 3050,32,2048,0,1.25,13.3,1880.8
HP,EliteBook 840,AMD Ryzen 7 8800H,NVIDIA RTX 4060,64,256,1,3.28,17.3,2727.6
HP,Omen 15,Intel i5-14600H,NVIDIA RTX 4050,8,256,1,2.24,15.6,1829.6
HP,Omen 15,Intel i5-14600H,NVIDIA RTX 3050,16,2048,0,3.46,18.4,1702.8
HP,Envy 13,Intel i5-14500H,Intel Iris Xe,16,256,0,2.44,16.0,1523.6
HP,EliteBook 840,Intel Core Ultra 7 15500H,Intel Arc A750M,128,2048,1,1.19,14.0,2668.8
HP,Omen 15,Intel i5-14500H,NVIDIA RTX 4050,128,256,0,1.05,13.3,2719.6
HP,Envy 13,Intel Core Ultra 7 15500H,NVIDIA RTX 4060,64,1024,0,1.77,16.0,2384.4
HP,EliteBook 840,Intel Core Ultra 7 15500H,Intel Arc A750M,128,512,1,2.07,16.0,2465.2
HP,Pavilion 15,Intel Core Ultra 7 15500H,Intel Arc A750M,8,512,1,2.44,15.6,1505.2
HP,EliteBook 840,Intel i9-14900HK,NVIDIA RTX 4080,16,512,1,3.1,18.4,3369.2
HP,Spectre x360,AMD Ryzen 5 8600H,AMD Radeon 680M,8,1024,1,2.77,18.4,1656.4
HP,Omen 15,AMD Ryzen 5 8600H,NVIDIA RTX 4050,64,1024,1,3.11,17.3,2354.4
HP,Omen 15,AMD Ryzen 7 8800H,NVIDIA RTX 4060,32,256,1,2.19,16.0,2471.6
HP,Omen 15,Intel i7-14700H,NVIDIA RTX 4060,128,256,0,1.27,13.3,3169.6
HP,EliteBook 840,Intel i7-14700H,NVIDIA RTX 4060,16,1024,0,1.32,13.3,2270.4
HP,Envy 13,Intel i9-14900HK,NVIDIA RTX 4070,128,2048,0,2.05,15.6,3898.8
Lenovo,Legion 5,Intel i7-14800H,NVIDIA RTX 4060,32,1024,1,1.14,14.0,2598.4
Lenovo,Yoga Slim 7,Intel i5-14600H,Intel Iris Xe,32,2048,0,1.65,16.0,1830.8
Lenovo,ThinkBook 14s,Intel Core Ultra 7 15500H,Intel Arc A750M,16,512,0,3.35,18.4,1449.2
Lenovo,ThinkBook 14s,Intel i5-14600H,Intel Iris Xe,32,2048,1,1.04,14.0,2000.8
Lenovo,Legion 5,Intel Core Ultra 7 15500H,NVIDIA RTX 4070,8,2048,1,2.18,15.6,2458.8
Lenovo,Legion 5,Intel Core Ultra 7 15500H,Intel Arc A750M,128,256,1,2.07,16.0,2439.6
Lenovo,Legion 5,Intel i7-14800H,NVIDIA RTX 4080,64,1024,0,1.23,13.3,3434.4
Lenovo,ThinkBook 14s,Intel Core Ultra 9 15700H,NVIDIA RTX 4070,32,512,0,2.25,16.0,2377.2
Lenovo,ThinkBook 14s,Intel i5-14600H,NVIDIA RTX 4050,16,512,1,2.26,15.6,1919.2
Lenovo,IdeaPad 5,Intel Core Ultra 7 15500H,Intel Arc A750M,128,256,0,2.09,15.6,2319.6
Lenovo,IdeaPad 5,Intel Core Ultra 9 15700H,NVIDIA RTX 4080,128,2048,0,2.97,18.4,3698.8
Lenovo,Legion 5,Intel i7-14800H,NVIDIA RTX 4080,64,2048,1,3.32,17.3,3606.8
Lenovo,Yoga Slim 7,Intel i7-14800H,NVIDIA RTX 4080,128,256,1,2.25,15.6,3939.6
Lenovo,ThinkBook 14s,AMD Ryzen 5 8600H,NVIDIA RTX 4050,32,2048,0,2.12,16.0,2080.8
Lenovo,Yoga Slim 7,Intel i7-14800H,NVIDIA RTX 4060,64,256,1,2.99,18.4,2727.6
Lenovo,Yoga Slim 7,AMD Ryzen 7 8800H,NVIDIA RTX 4060,8,4096,0,2.46,16.0,2543.6
Lenovo,ThinkBook 14s,Intel i5-14600H,Intel Iris Xe,8,2048,0,2.6,18.4,1638.8
Lenovo,Yoga Slim 7,Intel Core Ultra 7 15500H,Intel Arc A750M,64,2048,1,1.21,13.3,2156.8
Lenovo,IdeaPad 5,Intel i5-14600H,Intel Iris Xe,128,1024,0,1.16,13.3,2546.4
Lenovo,ThinkPad X1 Carbon,Intel Core Ultra 9 15700H,Intel Arc A750M,64,4096,0,1.9,16.0,2191.6
Lenovo,ThinkPad X1 Carbon,Intel i9-14900HK,NVIDIA RTX 4080,16,256,0,2.98,17.3,3223.6
Lenovo,ThinkPad X1 Carbon,AMD Ryzen 5 8600H,NVIDIA RTX 4050,16,256,0,2.73,18.4,1773.6
Lenovo,ThinkPad X1 Carbon,AMD Ryzen 7 8800H,NVIDIA RTX 4070,8,1024,1,2.7,17.3,2656.4
Lenovo,ThinkPad X1 Carbon,Intel i5-14500H,Intel Iris Xe,8,256,0,1.03,14.0,1509.6
Lenovo,IdeaPad 5,Intel i9-14900HK,NVIDIA RTX 4070,32,512,0,2.1,16.0,2977.2
Lenovo,ThinkPad X1 Carbon,AMD Ryzen 9 8900HX,AMD Radeon 780M,64,4096,1,2.66,17.3,3161.6
Lenovo,Legion 5,AMD Ryzen 9 8900HX,AMD Radeon 780M,32,2048,0,2.22,16.0,2580.8
Lenovo,ThinkPad X1 Carbon,Intel i9-14900HK,NVIDIA RTX 4080,16,1024,0,1.03,13.3,3350.4
Lenovo,ThinkBook 14s,Intel Core Ultra 9 15700H,Intel Arc A750M,32,1024,1,2.31,15.6,1748.4
Lenovo,IdeaPad 5,Intel Core Ultra 9 15700H,NVIDIA RTX 4080,16,1024,1,1.31,13.3,2790.4
Lenovo,Legion 5,Intel i5-14600H,Intel Iris Xe,32,2048,0,1.47,13.3,1800.8
Lenovo,Yoga Slim 7,AMD Ryzen 5 8600H,NVIDIA RTX 3050,8,512,0,1.9,16.0,1485.2
Lenovo,Yoga Slim 7,Intel i5-14600H,NVIDIA RTX 3050,32,256,0,2.31,16.0,1651.6
Lenovo,ThinkBook 14s,Intel i7-14800H,NVIDIA RTX 4070,128,512,1,1.82,16.0,3565.2
Lenovo,Yoga Slim 7,Intel i7-14700H,NVIDIA RTX 4070,64,512,0,2.11,16.0,2933.2
Lenovo,ThinkPad X1 Carbon,Intel Core Ultra 9 15700H,Intel Arc A750M,64,256,1,3.45,17.3,1927.6
Lenovo,Legion 5,Intel Core Ultra 7 15500H,Intel Arc A750M,128,2048,0,1.51,16.0,2498.8
Lenovo,ThinkPad X1 Carbon,Intel Core Ultra 7 15500H,NVIDIA RTX 4060,64,4096,0,1.91,16.0,2691.6
Lenovo,IdeaPad 5,Intel i9-14900HK,NVIDIA RTX 4080,16,1024,0,1.44,14.0,3270.4
Lenovo,IdeaPad 5,AMD Ryzen 7 8800H,NVIDIA RTX 4070,32,1024,1,3.13,18.4,2848.4
Lenovo,ThinkBook 14s,Intel Core Ultra 9 15700H,NVIDIA RTX 4070,32,4096,0,2.98,18.4,2735.6
Lenovo,ThinkPad X1 Carbon,Intel i5-14500H,NVIDIA RTX 4050,128,256,1,2.16,15.6,2789.6
Lenovo,Yoga Slim 7,Intel i5-14500H,Intel Iris Xe,16,512,0,2.47,15.6,1549.2
Lenovo,Legion 5,Intel i7-14700H,NVIDIA RTX 4060,64,512,0,1.57,15.6,2633.2
Lenovo,IdeaPad 5,Intel i5-14600H,NVIDIA RTX 4050,32,2048,0,1.34,13.3,2050.8
Lenovo,IdeaPad 5,Intel i7-14700H,NVIDIA RTX 4070,64,2048,1,3.15,18.4,3206.8
Lenovo,Legion 5,Intel i7-14700H,NVIDIA RTX 4070,128,512,1,1.1,14.0,3615.2
Lenovo,Legion 5,Intel i7-14800H,NVIDIA RTX 4060,128,512,0,3.24,18.4,3145.2
Lenovo,IdeaPad 5,AMD Ryzen 9 8900HX,NVIDIA RTX 4080,16,1024,0,3.39,17.3,3300.4
Lenovo,ThinkBook 14s,Intel i5-14600H,NVIDIA RTX 4050,32,512,0,1.13,14.0,1977.2
Lenovo,Legion 5,AMD Ryzen 5 8600H,NVIDIA RTX 4050,16,4096,1,1.86,15.6,2277.6
Lenovo,ThinkPad X1 Carbon,Intel i9-14900HK,NVIDIA RTX 4070,8,512,0,1.69,16.0,2785.2
Lenovo,ThinkPad X1 Carbon,AMD Ryzen 9 8900HX,NVIDIA RTX 4070,8,1024,1,3.33,18.4,2956.41
Lenovo,ThinkPad X1 Carbon,AMD Ryzen 9 8900HX,NVIDIA RTX 4080,32,4096,1,1.24,13.3,3905.6
Lenovo,Yoga Slim 7,AMD Ryzen 9 8900HX,NVIDIA RTX 4070,16,4096,0,2.82,17.3,3207.6
Lenovo,ThinkPad X1 Carbon,Intel i7-14700H,NVIDIA RTX 4070,128,1024,1,1.36,13.3,3586.4
Lenovo,ThinkBook 14s,AMD Ryzen 7 8800H,AMD Radeon 780M,128,2048,0,1.33,13.3,3018.8
Lenovo,ThinkBook 14s,Intel Core Ultra 7 15500H,Intel Arc A750M,32,4096,1,2.46,15.6,2055.6
Lenovo,ThinkPad X1 Carbon,Intel Core Ultra 9 15700H,NVIDIA RTX 4070,128,1024,1,1.34,13.3,3286.41
Lenovo,ThinkBook 14s,Intel i9-14900HK,NVIDIA RTX 4070,128,1024,0,1.01,14.0,3846.4
Lenovo,Yoga Slim 7,Intel Core Ultra 7 15500H,NVIDIA RTX 4070,16,4096,0,1.29,13.3,2657.6
Lenovo,Legion 5,Intel i7-14800H,NVIDIA RTX 4070,8,256,1,2.71,18.4,2579.6
Lenovo,Legion 5,AMD Ryzen 5 8600H,NVIDIA RTX 3050,64,2048,1,1.2,14.0,2256.8
Lenovo,Legion 5,Intel Core Ultra 9 15700H,NVIDIA RTX 4070,8,2048,0,1.89,15.6,2338.8
Lenovo,ThinkBook 14s,Intel i9-14900HK,NVIDIA RTX 4080,64,4096,1,2.49,15.6,4111.6
Lenovo,IdeaPad 5,AMD Ryzen 5 8600H,NVIDIA RTX 3050,64,1024,1,1.21,13.3,2154.4
Lenovo,ThinkBook 14s,Intel i5-14500H,NVIDIA RTX 3050,8,256,1,2.64,18.4,1579.6
Lenovo,ThinkPad X1 Carbon,AMD Ryzen 9 8900HX,AMD Radeon 780M,32,512,0,1.46,14.0,2397.2
Lenovo,ThinkBook 14s,AMD Ryzen 9 8900HX,NVIDIA RTX 4080,128,1024,1,1.34,13.3,4286.4
Lenovo,Yoga Slim 7,Intel i7-14700H,NVIDIA RTX 4070,8,1024,1,1.21,14.0,2706.4
Lenovo,ThinkBook 14s,Intel i5-14500H,Intel Iris Xe,16,256,1,1.37,13.3,1613.6
Lenovo,ThinkBook 14s,Intel i5-14500H,NVIDIA RTX 4050,16,1024,0,2.46,15.6,1850.4
Lenovo,Legion 5,Intel i9-14900HK,NVIDIA RTX 4070,32,1024,0,1.39,13.3,2998.4
Lenovo,IdeaPad 5,Intel Core Ultra 9 15700H,NVIDIA RTX 4070,32,512,0,1.48,14.0,2347.19
Lenovo,ThinkBook 14s,AMD Ryzen 5 8600H,NVIDIA RTX 4050,128,1024,1,2.56,17.3,2866.4
Lenovo,IdeaPad 5,Intel i7-14700H,NVIDIA RTX 4060,32,4096,0,2.95,18.4,2735.6
Lenovo,ThinkPad X1 Carbon,AMD Ryzen 9 8900HX,NVIDIA RTX 4080,128,1024,1,1.28,14.0,4366.4
Lenovo,IdeaPad 5,AMD Ryzen 9 8900HX,AMD Radeon 780M,128,1024,1,3.37,17.3,3366.4
Lenovo,ThinkPad X1 Carbon,Intel i5-14600H,Intel Iris Xe,16,2048,1,2.83,18.4,1822.8
Lenovo,Yoga Slim 7,Intel i9-14900HK,NVIDIA RTX 4080,64,1024,1,1.46,13.3,3774.4
Lenovo,Legion 5,Intel Core Ultra 9 15700H,NVIDIA RTX 4070,128,2048,1,1.3,14.0,3388.8
Lenovo,IdeaPad 5,Intel i9-14900HK,NVIDIA RTX 4070,32,256,1,1.4,13.3,3041.6
Lenovo,ThinkBook 14s,Intel i5-14500H,NVIDIA RTX 4050,128,1024,1,1.09,13.3,2916.4
Lenovo,ThinkBook 14s,Intel i5-14500H,NVIDIA RTX 3050,8,2048,1,1.3,13.3,1728.8
Lenovo,Yoga Slim 7,Intel i5-14600H,NVIDIA RTX 4050,64,512,0,2.33,15.6,2183.2
Lenovo,IdeaPad 5,Intel i5-14600H,NVIDIA RTX 4050,8,256,0,1.55,16.0,1709.61
Lenovo,Legion 5,Intel i7-14700H,NVIDIA RTX 4070,128,512,1,1.27,13.3,3615.2
Lenovo,Legion 5,Intel Core Ultra 9 15700H,Intel Arc A750M,32,2048,0,1.4,13.3,1700.8
Lenovo,ThinkBook 14s,Intel i9-14900HK,NVIDIA RTX 4070,16,512,0,2.14,15.6,2849.2
Lenovo,Legion 5,Intel i5-14600H,NVIDIA RTX 4050,16,256,0,3.07,17.3,1773.6
Lenovo,IdeaPad 5,Intel i5-14600H,NVIDIA RTX 4050,64,1024,1,1.95,16.0,2354.4
Lenovo,Yoga Slim 7,AMD Ryzen 9 8900HX,NVIDIA RTX 4070,64,2048,1,1.44,14.0,3476.8
Lenovo,Legion 5,AMD Ryzen 9 8900HX,AMD Radeon 780M,16,256,0,1.28,13.3,2323.6
Lenovo,ThinkPad X1 Carbon,Intel Core Ultra 7 15500H,NVIDIA RTX 4060,128,4096,0,3.3,17.3,3203.6
Lenovo,Yoga Slim 7,Intel i7-14800H,NVIDIA RTX 4080,32,512,1,1.86,15.6,3197.2
Lenovo,ThinkBook 14s,Intel i9-14900HK,NVIDIA RTX 4080,8,2048,0,2.55,17.3,3338.8
Lenovo,Yoga Slim 7,Intel i7-14800H,NVIDIA RTX 4070,128,256,1,3.35,17.3,3539.6
Lenovo,Legion 5,AMD Ryzen 7 8800H,NVIDIA RTX 4070,64,512,1,3.42,18.4,3053.2
Lenovo,Yoga Slim 7,Intel i7-14800H,NVIDIA RTX 4060,8,256,1,2.96,17.3,2279.6
Lenovo,ThinkPad X1 Carbon,Intel i5-14500H,Intel Iris Xe,8,2048,1,2.65,17.3,1758.8
Lenovo,Yoga Slim 7,Intel i5-14600H,NVIDIA RTX 4050,16,4096,1,1.13,14.0,2327.6
Lenovo,Legion 5,Intel i5-14600H,NVIDIA RTX 3050,32,1024,1,2.74,17.3,1848.4
Lenovo,IdeaPad 5,AMD Ryzen 7 8800H,AMD Radeon 780M,64,4096,1,1.05,13.3,2911.6
Lenovo,Yoga Slim 7,AMD Ryzen 5 8600H,NVIDIA RTX 3050,128,2048,0,1.82,16.0,2598.8
Lenovo,Yoga Slim 7,Intel i5-14500H,NVIDIA RTX 4050,32,2048,0,1.04,13.3,2130.8
Lenovo,ThinkBook 14s,Intel i9-14900HK,NVIDIA RTX 4070,8,512,0,3.1,17.3,2785.2
Lenovo,Yoga Slim 7,Intel Core Ultra 7 15500H,NVIDIA RTX 4070,64,256,0,1.23,13.3,2657.6
Lenovo,Legion 5,AMD Ryzen 5 8600H,AMD Radeon 680M,16,2048,0,3.03,17.3,1702.8
Lenovo,IdeaPad 5,Intel i7-14800H,NVIDIA RTX 4070,128,256,0,1.33,13.3,3389.6
Lenovo,Legion 5,Intel Core Ultra 7 15500H,Intel Arc A750M,64,1024,0,2.41,15.6,1884.4
Lenovo,ThinkPad X1 Carbon,AMD Ryzen 5 8600H,NVIDIA RTX 4050,32,1024,0,2.38,15.6,1978.4
Lenovo,ThinkPad X1 Carbon,AMD Ryzen 5 8600H,NVIDIA RTX 3050,128,4096,0,3.33,18.4,2803.6
Lenovo,ThinkPad X1 Carbon,Intel i5-14600H,Intel Iris Xe,32,512,0,1.62,16.0,1677.2
Lenovo,Legion 5,Intel i5-14500H,NVIDIA RTX 4050,8,4096,0,2.64,17.3,2093.6
Lenovo,IdeaPad 5,Intel Core Ultra 9 15700H,NVIDIA RTX 4070,8,2048,1,1.63,16.0,2458.8
Lenovo,Yoga Slim 7,Intel i5-14600H,Intel Iris Xe,64,512,1,1.35,13.3,2023.2
Lenovo,IdeaPad 5,Intel i9-14900HK,NVIDIA RTX 4070,32,256,1,2.18,15.6,3071.6
Lenovo,Legion 5,Intel i5-14600H,NVIDIA RTX 4050,64,1024,1,2.17,16.0,2354.4
Lenovo,Yoga Slim 7,Intel i5-14500H,Intel Iris Xe,64,256,1,3.0,18.4,2027.6
Lenovo,ThinkBook 14s,Intel Core Ultra 9 15700H,Intel Arc A750M,128,256,0,3.46,17.3,2319.59
Lenovo,Legion 5,AMD Ryzen 7 8800H,NVIDIA RTX 4060,32,512,0,1.04,14.0,2427.2
Lenovo,ThinkBook 14s,Intel Core Ultra 7 15500H,Intel Arc A750M,16,512,1,1.55,16.0,1569.2
Lenovo,ThinkBook 14s,Intel Core Ultra 9 15700H,NVIDIA RTX 4080,32,256,1,1.86,16.0,2871.6
Lenovo,Yoga Slim 7,AMD Ryzen 5 8600H,NVIDIA RTX 3050,128,2048,1,1.47,14.0,2688.8
Lenovo,Legion 5,Intel i7-14800H,NVIDIA RTX 4080,32,512,0,1.37,13.3,3047.2
Lenovo,Yoga Slim 7,Intel i7-14700H,NVIDIA RTX 4060,64,512,1,2.98,17.3,2753.2
Lenovo,ThinkBook 14s,Intel i5-14500H,NVIDIA RTX 4050,16,4096,0,1.43,13.3,2127.6
Lenovo,IdeaPad 5,Intel i5-14600H,NVIDIA RTX 3050,16,256,1,1.92,16.0,1643.6
Lenovo,Legion 5,Intel i7-14800H,NVIDIA RTX 4080,128,512,1,1.2,14.0,4015.2
Lenovo,Legion 5,Intel Core Ultra 7 15500H,Intel Arc A750M,64,512,1,2.01,16.0,1953.2
Lenovo,Yoga Slim 7,Intel i7-14800H,NVIDIA RTX 4070,16,4096,0,1.04,14.0,2957.6
Lenovo,ThinkBook 14s,Intel i5-14600H,NVIDIA RTX 3050,16,4096,0,1.52,15.6,1907.6
Lenovo,ThinkBook 14s,AMD Ryzen 9 8900HX,NVIDIA RTX 4070,128,512,1,1.02,14.0,3915.2
Lenovo,IdeaPad 5,AMD Ryzen 7 8800H,AMD Radeon 780M,8,2048,0,1.44,14.0,2058.8
Lenovo,Yoga Slim 7,Intel i5-14600H,NVIDIA RTX 4050,16,1024,0,1.27,14.0,1900.4
Lenovo,ThinkPad X1 Carbon,Intel Core Ultra 9 15700H,Intel Arc A750M,128,512,0,2.46,16.0,2345.2
Lenovo,ThinkPad X1 Carbon,Intel Core Ultra 9 15700H,NVIDIA RTX 4080,128,4096,1,2.57,17.3,4023.6
Lenovo,ThinkBook 14s,Intel i5-14600H,NVIDIA RTX 4050,32,1024,0,2.49,16.0,1978.4
Lenovo,ThinkBook 14s,Intel i7-14800H,NVIDIA RTX 4070,64,512,0,1.27,14.0,2983.2
Lenovo,ThinkPad X1 Carbon,Intel Core Ultra 7 15500H,Intel Arc A750M,8,1024,0,1.47,14.0,1406.4
Lenovo,Legion 5,AMD Ryzen 5 8600H,NVIDIA RTX 4050,16,4096,1,1.64,15.6,2277.6
Lenovo,Yoga Slim 7,Intel Core Ultra 7 15500H,NVIDIA RTX 4070,16,256,1,2.01,15.6,2343.6
Lenovo,Legion 5,Intel Core Ultra 7 15500H,Intel Arc A750M,32,1024,0,3.03,17.3,1628.4
Lenovo,IdeaPad 5,AMD Ryzen 7 8800H,NVIDIA RTX 4070,8,1024,1,1.06,13.3,2706.4
Lenovo,Legion 5,AMD Ryzen 9 8900HX,NVIDIA RTX 4080,128,256,0,2.04,16.0,4119.59
Lenovo,Yoga Slim 7,Intel i7-14800H,NVIDIA RTX 4080,64,4096,1,2.79,18.4,3811.6
Lenovo,Yoga Slim 7,Intel Core Ultra 9 15700H,NVIDIA RTX 4070,16,2048,1,2.69,18.4,2522.8
Lenovo,Legion 5,AMD Ryzen 9 8900HX,NVIDIA RTX 4070,8,4096,1,2.89,18.4,3263.6
Lenovo,Yoga Slim 7,Intel i5-14600H,NVIDIA RTX 3050,32,256,0,1.42,13.3,1621.6
Lenovo,ThinkBook 14s,Intel i7-14800H,NVIDIA RTX 4080,64,256,1,2.33,15.6,3427.6
Lenovo,IdeaPad 5,Intel i5-14600H,NVIDIA RTX 3050,32,256,0,1.42,14.0,1621.6
Lenovo,ThinkBook 14s,AMD Ryzen 7 8800H,NVIDIA RTX 4070,32,256,1,2.01,16.0,2771.6
Lenovo,Legion 5,Intel Core Ultra 9 15700H,Intel Arc A750M,64,4096,0,2.58,17.3,2191.6
Lenovo,ThinkPad X1 Carbon,Intel i7-14700H,NVIDIA RTX 4070,8,2048,0,2.46,15.6,2638.8
Lenovo,IdeaPad 5,Intel i5-14600H,NVIDIA RTX 4050,32,512,0,1.58,16.0,1927.2
Lenovo,ThinkBook 14s,AMD Ryzen 9 8900HX,NVIDIA RTX 4070,32,1024,1,2.8,17.3,3148.4
Lenovo,IdeaPad 5,Intel i5-14500H,NVIDIA RTX 4050,8,512,0,1.02,14.0,1785.2
Lenovo,ThinkBook 14s,Intel i7-14800H,NVIDIA RTX 4070,128,256,1,1.79,16.0,3539.6
Lenovo,Yoga Slim 7,Intel i5-14500H,NVIDIA RTX 3050,16,2048,1,1.9,16.0,1822.8
Lenovo,IdeaPad 5,Intel i7-14800H,NVIDIA RTX 4070,8,2048,0,1.49,14.0,2608.8
Lenovo,Legion 5,Intel i9-14900HK,NVIDIA RTX 4080,128,512,1,3.26,18.4,4265.2
Lenovo,Yoga Slim 7,Intel i5-14500H,NVIDIA RTX 4050,8,512,0,1.48,13.3,1705.2
Lenovo,ThinkPad X1 Carbon,AMD Ryzen 5 8600H,AMD Radeon 680M,64,4096,0,2.03,16.0,2291.6
Lenovo,ThinkPad X1 Carbon,Intel i9-14900HK,NVIDIA RTX 4070,64,512,1,1.27,13.3,3403.2
Lenovo,Yoga Slim 7,AMD Ryzen 7 8800H,NVIDIA RTX 4060,64,256,0,1.29,14.0,2657.6
Lenovo,ThinkPad X1 Carbon,Intel i5-14500H,NVIDIA RTX 3050,128,512,0,1.8,15.6,2445.2
Lenovo,Legion 5,Intel Core Ultra 7 15500H,NVIDIA RTX 4060,8,4096,1,2.57,17.3,2363.6
Lenovo,ThinkPad X1 Carbon,Intel i9-14900HK,NVIDIA RTX 4070,128,512,1,2.33,15.6,3865.2
Lenovo,Legion 5,Intel i5-14600H,Intel Iris Xe,8,4096,0,1.1,13.3,1893.61
Lenovo,IdeaPad 5,Intel i9-14900HK,NVIDIA RTX 4080,128,256,1,3.01,18.4,4239.6
Lenovo,ThinkBook 14s,Intel i7-14700H,NVIDIA RTX 4060,16,1024,0,1.08,14.0,2350.4
Lenovo,Legion 5,Intel Core Ultra 9 15700H,NVIDIA RTX 4080,8,1024,0,2.7,18.4,2636.4
Lenovo,IdeaPad 5,Intel i7-14800H,NVIDIA RTX 4080,32,512,1,3.2,18.4,3197.2
Lenovo,ThinkPad X1 Carbon,Intel Core Ultra 9 15700H,NVIDIA RTX 4070,8,512,0,2.86,18.4,2185.2
Microsoft,Surface Go 3,Intel i7-14700H,NVIDIA RTX 4060,8,4096,1,2.47,16.0,2663.6
Microsoft,Surface Laptop 5,Intel Core Ultra 7 15500H,Intel Arc A750M,64,2048,0,2.75,17.3,1986.8
Microsoft,Surface Pro 8,AMD Ryzen 5 8600H,NVIDIA RTX 4050,32,512,0,1.03,13.3,1977.2
Microsoft,Surface Book 3,Intel Core Ultra 9 15700H,NVIDIA RTX 4080,32,512,0,2.63,17.3,2777.2
Microsoft,Surface Laptop Studio,Intel Core Ultra 9 15700H,NVIDIA RTX 4070,8,512,1,2.68,17.3,2305.2
Microsoft,Surface Book 3,Intel i7-14800H,NVIDIA RTX 4080,32,256,1,1.85,15.6,3171.6
Microsoft,Surface Go 3,Intel i5-14600H,NVIDIA RTX 3050,32,4096,1,1.06,13.3,2205.6
Microsoft,Surface Book 3,Intel Core Ultra 7 15500H,NVIDIA RTX 4060,64,2048,1,1.12,13.3,2656.8
Microsoft,Surface Pro 8,Intel i5-14600H,NVIDIA RTX 3050,64,4096,0,1.31,14.0,2261.6
Microsoft,Surface Pro 8,Intel i9-14900HK,NVIDIA RTX 4080,8,4096,0,2.43,16.0,3543.6
Microsoft,Surface Laptop 5,Intel i7-14700H,NVIDIA RTX 4060,16,512,1,3.06,18.4,2369.2
Microsoft,Surface Laptop Studio,Intel i7-14800H,NVIDIA RTX 4080,8,1024,0,1.25,13.3,2986.4
Microsoft,Surface Laptop Studio,Intel i5-14500H,Intel Iris Xe,16,2048,0,3.04,17.3,1702.8
Microsoft,Surface Laptop Studio,AMD Ryzen 9 8900HX,NVIDIA RTX 4080,16,512,1,1.88,15.6,3369.2
Microsoft,Surface Laptop Studio,AMD Ryzen 5 8600H,AMD Radeon 680M,64,4096,1,2.3,16.0,2411.6
Microsoft,Surface Laptop Studio,Intel i5-14600H,NVIDIA RTX 4050,128,256,0,3.02,18.4,2669.6
Microsoft,Surface Laptop Studio,Intel Core Ultra 9 15700H,NVIDIA RTX 4070,16,4096,1,1.37,13.3,2697.6
Microsoft,Surface Go 3,AMD Ryzen 5 8600H,NVIDIA RTX 3050,16,2048,1,1.18,14.0,1872.8
Microsoft,Surface Laptop 5,AMD Ryzen 7 8800H,NVIDIA RTX 4060,8,2048,0,2.69,17.3,2338.8
Microsoft,Surface Go 3,Intel Core Ultra 9 15700H,Intel Arc A750M,8,2048,0,3.1,17.3,1538.8
Microsoft,Surface Pro 8,AMD Ryzen 5 8600H,NVIDIA RTX 4050,32,512,1,2.14,16.0,2047.2
Microsoft,Surface Go 3,AMD Ryzen 5 8600H,AMD Radeon 680M,64,2048,1,1.56,15.6,2206.8
Microsoft,Surface Book 3,AMD Ryzen 9 8900HX,NVIDIA RTX 4070,128,256,0,1.96,15.6,3719.61
Microsoft,Surface Pro 8,Intel i5-14500H,NVIDIA RTX 4050,8,256,0,1.19,13.3,1759.6
Microsoft,Surface Laptop Studio,Intel Core Ultra 7 15500H,NVIDIA RTX 4060,32,1024,0,1.75,16.0,2128.4
Microsoft,Surface Laptop Studio,AMD Ryzen 5 8600H,NVIDIA RTX 4050,128,2048,0,1.23,13.3,2898.8
Microsoft,Surface Laptop Studio,Intel i9-14900HK,NVIDIA RTX 4080,8,2048,0,2.28,16.0,3338.8
Microsoft,Surface Book 3,Intel i7-14800H,NVIDIA RTX 4070,32,1024,1,2.46,15.6,2848.4
Microsoft,Surface Pro 8,AMD Ryzen 7 8800H,NVIDIA RTX 4060,8,2048,1,3.49,18.4,2458.8
Microsoft,Surface Go 3,Intel i5-14500H,Intel Iris Xe,32,256,1,2.39,16.0,1771.61
Microsoft,Surface Laptop Studio,Intel i7-14800H,NVIDIA RTX 4080,8,256,0,1.55,16.0,2859.61
Microsoft,Surface Laptop Studio,AMD Ryzen 5 8600H,AMD Radeon 680M,32,2048,0,1.28,14.0,1880.8
Microsoft,Surface Go 3,AMD Ryzen 7 8800H,NVIDIA RTX 4060,16,4096,1,2.37,15.6,2727.6
Microsoft,Surface Laptop Studio,Intel Core Ultra 7 15500H,Intel Arc A750M,64,2048,0,2.65,17.3,1986.8
Microsoft,Surface Book 3,Intel i7-14700H,NVIDIA RTX 4060,8,2048,1,1.94,15.6,2458.8
Microsoft,Surface Pro 8,AMD Ryzen 5 8600H,AMD Radeon 680M,32,4096,1,1.25,14.0,2205.6
Microsoft,Surface Book 3,AMD Ryzen 7 8800H,NVIDIA RTX 4060,64,2048,0,2.1,16.0,2786.8
Microsoft,Surface Go 3,Intel i5-14500H,NVIDIA RTX 4050,16,256,1,1.76,15.6,1893.59
Microsoft,Surface Book 3,Intel i5-14600H,NVIDIA RTX 4050,8,1024,1,1.8,15.6,1906.4
Microsoft,Surface Pro 8,Intel i9-14900HK,NVIDIA RTX 4070,8,512,0,1.55,16.0,2785.2
Microsoft,Surface Book 3,Intel i5-14600H,Intel Iris Xe,64,2048,0,2.0,16.0,2086.8
Microsoft,Surface Go 3,Intel i5-14500H,Intel Iris Xe,128,2048,0,2.76,17.3,2598.8
Microsoft,Surface Book 3,AMD Ryzen 7 8800H,NVIDIA RTX 4060,16,256,1,2.45,15.6,2343.6
Microsoft,Surface Laptop Studio,Intel i5-14600H,Intel Iris Xe,64,512,0,1.19,13.3,1983.2
Microsoft,Surface Laptop 5,Intel i7-14800H,NVIDIA RTX 4070,32,2048,1,1.91,16.0,2950.8
Microsoft,Surface Book 3,AMD Ryzen 7 8800H,NVIDIA RTX 4060,64,256,1,3.42,18.4,2727.6
Microsoft,Surface Laptop 5,AMD Ryzen 5 8600H,NVIDIA RTX 4050,64,4096,1,1.64,16.0,2661.6
Microsoft,Surface Pro 8,Intel i9-14900HK,NVIDIA RTX 4070,128,4096,1,3.27,18.4,4223.6
Microsoft,Surface Book 3,Intel i7-14800H,NVIDIA RTX 4060,16,512,1,1.83,15.6,2369.2
Microsoft,Surface Pro 8,AMD Ryzen 9 8900HX,AMD Radeon 780M,8,2048,0,1.19,14.0,2438.8
Microsoft,Surface Laptop Studio,Intel Core Ultra 7 15500H,NVIDIA RTX 4070,128,512,1,1.72,15.6,3265.2
Microsoft,Surface Laptop 5,AMD Ryzen 7 8800H,NVIDIA RTX 4060,32,512,1,2.12,15.6,2497.2
Microsoft,Surface Go 3,Intel i7-14800H,NVIDIA RTX 4060,32,256,1,1.06,13.3,2521.6
Microsoft,Surface Go 3,AMD Ryzen 9 8900HX,NVIDIA RTX 4080,16,4096,0,2.87,17.3,3607.6
Microsoft,Surface Laptop Studio,Intel Core Ultra 9 15700H,Intel Arc A750M,64,2048,0,1.35,14.0,1956.8
Microsoft,Surface Pro 8,AMD Ryzen 7 8800H,NVIDIA RTX 4060,32,256,1,2.46,16.0,2471.6
Microsoft,Surface Book 3,Intel i7-14700H,NVIDIA RTX 4070,8,4096,0,1.28,14.0,2893.6
Microsoft,Surface Laptop 5,AMD Ryzen 9 8900HX,AMD Radeon 780M,128,1024,0,2.45,16.0,3246.4
Microsoft,Surface Pro 8,Intel Core Ultra 7 15500H,NVIDIA RTX 4070,64,4096,0,1.33,13.3,2961.6
Microsoft,Surface Laptop Studio,Intel i7-14800H,NVIDIA RTX 4080,64,512,1,1.24,14.0,3503.2
Microsoft,Surface Pro 8,Intel i9-14900HK,NVIDIA RTX 4070,64,256,1,2.47,16.0,3327.6
Microsoft,Surface Go 3,AMD Ryzen 9 8900HX,AMD Radeon 780M,64,2048,1,2.15,16.0,2956.8
Microsoft,Surface Go 3,AMD Ryzen 9 8900HX,NVIDIA RTX 4070,8,256,1,1.44,14.0,2849.59
Microsoft,Surface Pro 8,Intel i9-14900HK,NVIDIA RTX 4080,128,1024,0,2.75,18.4,4196.4
Microsoft,Surface Laptop 5,AMD Ryzen 9 8900HX,NVIDIA RTX 4080,128,256,1,1.49,14.0,4209.6
Microsoft,Surface Laptop Studio,Intel i7-14800H,NVIDIA RTX 4060,16,1024,1,1.12,13.3,2470.4
Microsoft,Surface Pro 8,AMD Ryzen 9 8900HX,NVIDIA RTX 4080,32,1024,1,2.52,18.4,3548.4
Microsoft,Surface Book 3,AMD Ryzen 9 8900HX,NVIDIA RTX 4080,128,512,1,1.06,13.3,4315.2
Microsoft,Surface Book 3,Intel i7-14700H,NVIDIA RTX 4070,32,4096,1,2.8,18.4,3155.6
Microsoft,Surface Pro 8,Intel i9-14900HK,NVIDIA RTX 4080,32,2048,0,1.09,14.0,3580.8
Microsoft,Surface Laptop Studio,Intel i9-14900HK,NVIDIA RTX 4070,128,512,0,1.43,13.3,3715.2
Microsoft,Surface Go 3,AMD Ryzen 7 8800H,AMD Radeon 780M,64,1024,1,1.19,14.0,2604.4
Microsoft,Surface Book 3,Intel i7-14800H,NVIDIA RTX 4060,128,1024,1,1.84,15.6,3316.4
Microsoft,Surface Laptop 5,Intel i9-14900HK,NVIDIA RTX 4080,16,1024,1,1.08,13.3,3470.4
Microsoft,Surface Laptop Studio,AMD Ryzen 7 8800H,AMD Radeon 780M,64,256,1,1.61,15.6,2477.61
Microsoft,Surface Book 3,Intel i5-14600H,Intel Iris Xe,8,1024,0,2.93,17.3,1536.4
Microsoft,Surface Go 3,AMD Ryzen 5 8600H,NVIDIA RTX 3050,8,256,0,1.9,15.6,1459.6
Microsoft,Surface Laptop 5,AMD Ryzen 9 8900HX,NVIDIA RTX 4080,8,1024,0,2.94,18.4,3236.4
Microsoft,Surface Laptop Studio,Intel i5-14600H,NVIDIA RTX 4050,32,512,0,1.96,15.6,1927.19
Microsoft,Surface Book 3,AMD Ryzen 7 8800H,AMD Radeon 780M,128,2048,1,1.06,14.0,3218.8
Microsoft,Surface Go 3,Intel i7-14700H,NVIDIA RTX 4070,8,1024,0,1.73,16.0,2536.4
Microsoft,Surface Book 3,AMD Ryzen 7 8800H,AMD Radeon 780M,32,256,0,2.72,18.4,2101.61
Microsoft,Surface Pro 8,Intel i7-14700H,NVIDIA RTX 4070,8,512,0,1.36,14.0,2455.2
Microsoft,Surface Go 3,Intel i9-14900HK,NVIDIA RTX 4070,64,256,1,2.5,16.0,3327.6
Microsoft,Surface Book 3,Intel i9-14900HK,NVIDIA RTX 4070,64,256,1,1.18,13.3,3377.6
Microsoft,Surface Go 3,Intel i5-14500H,NVIDIA RTX 3050,128,256,1,2.97,18.4,2539.6
Microsoft,Surface Go 3,Intel i9-14900HK,NVIDIA RTX 4070,64,4096,0,1.61,16.0,3591.6
Microsoft,Surface Book 3,AMD Ryzen 5 8600H,NVIDIA RTX 4050,16,4096,1,2.08,15.6,2277.6
Microsoft,Surface Pro 8,Intel Core Ultra 9 15700H,NVIDIA RTX 4080,16,512,0,1.94,15.6,2649.2
Microsoft,Surface Go 3,Intel i9-14900HK,NVIDIA RTX 4070,128,256,1,3.29,17.3,3839.6
Microsoft,Surface Book 3,AMD Ryzen 5 8600H,NVIDIA RTX 4050,32,512,0,2.21,15.6,1927.2
Microsoft,Surface Laptop Studio,AMD Ryzen 5 8600H,NVIDIA RTX 3050,16,1024,0,1.17,14.0,1650.4
Microsoft,Surface Laptop 5,Intel Core Ultra 7 15500H,Intel Arc A750M,64,1024,1,1.62,16.0,2004.4
Microsoft,Surface Laptop Studio,AMD Ryzen 7 8800H,AMD Radeon 780M,128,256,0,3.18,18.4,2869.6
Microsoft,Surface Book 3,AMD Ryzen 7 8800H,NVIDIA RTX 4070,128,1024,1,3.14,17.3,3616.4
Microsoft,Surface Laptop Studio,Intel i7-14800H,NVIDIA RTX 4080,64,256,0,1.94,15.6,3307.6
Microsoft,Surface Laptop Studio,Intel Core Ultra 7 15500H,NVIDIA RTX 4060,16,1024,0,2.65,17.3,2000.4
Microsoft,Surface Laptop 5,Intel i5-14600H,NVIDIA RTX 3050,32,512,1,2.57,17.3,1797.2
Microsoft,Surface Go 3,Intel i7-14700H,NVIDIA RTX 4070,8,256,0,3.28,17.3,2459.6
Microsoft,Surface Book 3,Intel i5-14600H,NVIDIA RTX 3050,8,512,0,2.48,16.0,1485.2
Microsoft,Surface Book 3,Intel i7-14700H,NVIDIA RTX 4070,128,2048,1,1.94,16.0,3718.8
Microsoft,Surface Book 3,AMD Ryzen 7 8800H,NVIDIA RTX 4070,32,4096,0,3.31,18.4,3035.6
Microsoft,Surface Book 3,Intel i5-14600H,NVIDIA RTX 3050,64,256,0,1.61,15.6,1907.6
Microsoft,Surface Book 3,Intel i9-14900HK,NVIDIA RTX 4080,16,256,0,3.32,17.3,3223.6
Microsoft,Surface Pro 8,AMD Ryzen 7 8800H,AMD Radeon 780M,8,4096,1,2.81,17.3,2413.6
Microsoft,Surface Laptop 5,Intel i5-14500H,NVIDIA RTX 3050,32,2048,0,2.41,15.6,1830.8
Microsoft,Surface Pro 8,Intel i7-14800H,NVIDIA RTX 4080,64,1024,0,1.41,13.3,3354.4
Microsoft,Surface Pro 8,AMD Ryzen 7 8800H,NVIDIA RTX 4070,32,512,0,2.11,16.0,2677.2
Microsoft,Surface Laptop 5,Intel Core Ultra 7 15500H,NVIDIA RTX 4070,16,512,0,1.07,13.3,2299.21
Microsoft,Surface Laptop Studio,Intel i7-14700H,NVIDIA RTX 4060,32,512,0,1.45,13.3,2347.2
Microsoft,Surface Laptop Studio,Intel i7-14800H,NVIDIA RTX 4080,16,2048,1,2.11,16.0,3222.8
Microsoft,Surface Go 3,Intel Core Ultra 7 15500H,Intel Arc A750M,128,4096,1,3.28,17.3,2823.59
Microsoft,Surface Go 3,Intel i5-14600H,NVIDIA RTX 4050,16,1024,1,1.99,15.6,1970.4
Microsoft,Surface Pro 8,AMD Ryzen 7 8800H,AMD Radeon 780M,128,4096,0,1.12,14.0,3303.6
Microsoft,Surface Book 3,AMD Ryzen 5 8600H,AMD Radeon 680M,32,4096,0,1.35,14.0,2005.6
Microsoft,Surface Book 3,AMD Ryzen 5 8600H,NVIDIA RTX 3050,64,4096,1,3.21,17.3,2411.6
Microsoft,Surface Book 3,Intel i9-14900HK,NVIDIA RTX 4070,32,4096,1,1.04,14.0,3505.6
Microsoft,Surface Laptop 5,Intel i5-14500H,NVIDIA RTX 3050,64,1024,0,1.87,15.6,1984.4
Microsoft,Surface Pro 8,Intel i7-14700H,NVIDIA RTX 4070,128,256,1,1.26,13.3,3589.6
Microsoft,Surface Book 3,Intel i7-14700H,NVIDIA RTX 4060,8,512,1,1.08,13.3,2355.2
Microsoft,Surface Go 3,Intel Core Ultra 7 15500H,NVIDIA RTX 4060,32,1024,0,2.06,15.6,2128.4
Microsoft,Surface Go 3,AMD Ryzen 5 8600H,AMD Radeon 680M,128,4096,1,1.62,15.6,2923.6
Microsoft,Surface Laptop 5,AMD Ryzen 9 8900HX,AMD Radeon 780M,8,256,1,2.83,17.3,2329.6
Microsoft,Surface Book 3,Intel i5-14600H,NVIDIA RTX 4050,16,512,1,2.03,16.0,1919.2
Microsoft,Surface Pro 8,Intel i5-14500H,NVIDIA RTX 3050,8,256,0,1.37,13.3,1429.6
Microsoft,Surface Pro 8,AMD Ryzen 7 8800H,NVIDIA RTX 4070,32,256,0,1.1,14.0,2701.6
Microsoft,Surface Laptop 5,Intel i7-14700H,NVIDIA RTX 4060,64,256,1,1.06,13.3,2777.6
Microsoft,Surface Pro 8,Intel i9-14900HK,NVIDIA RTX 4080,32,256,1,1.01,13.3,3521.6
Microsoft,Surface Laptop Studio,Intel i7-14700H,NVIDIA RTX 4070,8,2048,0,1.31,14.0,2608.8
Microsoft,Surface Go 3,AMD Ryzen 7 8800H,AMD Radeon 780M,16,1024,1,1.22,13.3,2220.4
Microsoft,Surface Pro 8,Intel Core Ultra 7 15500H,NVIDIA RTX 4070,64,1024,0,3.31,17.3,2684.4
Microsoft,Surface Laptop 5,Intel Core Ultra 7 15500H,NVIDIA RTX 4070,128,2048,0,1.34,14.0,3268.8
Microsoft,Surface Laptop Studio,Intel i5-14600H,Intel Iris Xe,8,1024,0,2.0,16.0,1536.4
Microsoft,Surface Go 3,AMD Ryzen 5 8600H,NVIDIA RTX 3050,128,512,0,1.12,13.3,2495.2
Microsoft,Surface Go 3,Intel i9-14900HK,NVIDIA RTX 4070,64,2048,1,1.11,14.0,3556.8
Microsoft,Surface Go 3,AMD Ryzen 9 8900HX,AMD Radeon 780M,128,4096,1,3.0,18.4,3673.6
Microsoft,Surface Laptop 5,Intel Core Ultra 7 15500H,NVIDIA RTX 4060,16,256,0,1.14,14.0,1973.6
Microsoft,Surface Book 3,Intel i7-14800H,NVIDIA RTX 4080,16,256,1,1.59,15.6,3043.6
Microsoft,Surface Pro 8,AMD Ryzen 9 8900HX,NVIDIA RTX 4080,32,1024,1,1.02,13.3,3598.4
Microsoft,Surface Laptop 5,Intel i7-14800H,NVIDIA RTX 4080,32,1024,1,1.92,16.0,3248.4
Microsoft,Surface Laptop Studio,Intel i5-14600H,NVIDIA RTX 3050,8,512,0,1.15,14.0,1535.2
Microsoft,Surface Laptop Studio,Intel i7-14800H,NVIDIA RTX 4080,16,1024,0,3.18,18.4,3000.4
Microsoft,Surface Go 3,AMD Ryzen 9 8900HX,AMD Radeon 780M,16,4096,0,2.14,16.0,2657.6
Microsoft,Surface Laptop 5,Intel Core Ultra 7 15500H,Intel Arc A750M,16,2048,1,1.77,16.0,1722.8
Microsoft,Surface Go 3,AMD Ryzen 9 8900HX,NVIDIA RTX 4070,128,512,0,1.75,16.0,3745.2
Microsoft,Surface Pro 8,Intel i9-14900HK,NVIDIA RTX 4070,32,512,0,1.02,14.0,3027.2
Microsoft,Surface Book 3,Intel Core Ultra 9 15700H,Intel Arc A750M,32,2048,0,1.32,13.3,1700.8
Microsoft,Surface Laptop Studio,AMD Ryzen 9 8900HX,NVIDIA RTX 4070,128,256,1,1.2,14.0,3889.6
Microsoft,Surface Book 3,AMD Ryzen 5 8600H,AMD Radeon 680M,16,4096,1,2.7,18.4,2027.6
Microsoft,Surface Pro 8,AMD Ryzen 7 8800H,AMD Radeon 780M,32,1024,0,2.06,16.0,2178.4
Microsoft,Surface Pro 8,Intel Core Ultra 7 15500H,Intel Arc A750M,16,4096,0,1.73,15.6,1807.6
Microsoft,Surface Pro 8,AMD Ryzen 7 8800H,AMD Radeon 780M,16,256,1,1.04,13.3,2143.6
Microsoft,Surface Laptop 5,Intel i5-14600H,NVIDIA RTX 4050,16,256,0,3.33,18.4,1773.6
Microsoft,Surface Go 3,AMD Ryzen 7 8800H,NVIDIA RTX 4070,64,512,0,2.24,15.6,2933.2
Microsoft,Surface Book 3,AMD Ryzen 9 8900HX,AMD Radeon 780M,16,256,1,1.16,13.3,2443.6
Microsoft,Surface Go 3,Intel i7-14800H,NVIDIA RTX 4060,8,1024,0,2.2,15.6,2236.4
Microsoft,Surface Book 3,Intel i5-14500H,NVIDIA RTX 3050,64,2048,1,2.94,17.3,2206.8
Microsoft,Surface Laptop Studio,Intel i7-14700H,NVIDIA RTX 4070,64,1024,0,1.12,14.0,3034.4
Microsoft,Surface Book 3,AMD Ryzen 5 8600H,AMD Radeon 680M,8,4096,0,2.38,15.6,1843.6
Microsoft,Surface Pro 8,Intel i5-14500H,NVIDIA RTX 3050,32,4096,1,2.13,15.6,2155.6
Microsoft,Surface Go 3,Intel i7-14700H,NVIDIA RTX 4070,8,512,1,1.79,15.6,2605.2
Microsoft,Surface Book 3,AMD Ryzen 9 8900HX,NVIDIA RTX 4070,64,1024,1,1.24,14.0,3454.4
Microsoft,Surface Book 3,Intel i9-14900HK,NVIDIA RTX 4070,16,1024,0,1.09,13.3,2950.4
Microsoft,Surface Pro 8,Intel i7-14700H,NVIDIA RTX 4070,16,256,0,1.99,16.0,2523.6
Microsoft,Surface Laptop 5,Intel i7-14800H,NVIDIA RTX 4060,128,512,0,1.36,14.0,3115.2
Microsoft,Surface Book 3,AMD Ryzen 9 8900HX,NVIDIA RTX 4070,128,256,1,3.3,17.3,3839.6
Microsoft,Surface Pro 8,AMD Ryzen 5 8600H,AMD Radeon 680M,8,512,1,2.41,16.0,1605.2
Microsoft,Surface Laptop 5,AMD Ryzen 5 8600H,AMD Radeon 680M,128,512,0,2.07,16.0,2445.2
Microsoft,Surface Go 3,Intel i5-14500H,NVIDIA RTX 4050,32,256,0,1.96,16.0,1901.6
Microsoft,Surface Go 3,Intel i7-14800H,NVIDIA RTX 4070,32,512,0,1.15,13.3,2727.19
Microsoft,Surface Go 3,Intel i9-14900HK,NVIDIA RTX 4070,8,256,1,2.46,15.6,2879.6
Microsoft,Surface Book 3,AMD Ryzen 5 8600H,AMD Radeon 680M,64,4096,1,3.13,18.4,2411.6
Microsoft,Surface Laptop 5,Intel i9-14900HK,NVIDIA RTX 4080,32,512,1,2.12,16.0,3497.2
Microsoft,Surface Go 3,Intel i7-14700H,NVIDIA RTX 4060,16,1024,1,1.05,14.0,2470.4
